accession,description
ERZ1077395,"Antibiogram for study PRJEB23993, sample SAMEA104437454"
ERZ1077442,"Antibiogram for study PRJEB23993, sample SAMEA104437652"
ERZ1077473,"Antibiogram for study PRJEB23993, sample SAMEA104437719"
ERZ1077496,"Antibiogram for study PRJEB23993, sample SAMEA104437742"
ERZ2186441,"Antibiogram for study PRJEB44355, sample SAMEA8574808"
ERZ2186447,"Antibiogram for study PRJEB44355, sample SAMEA8574802"
ERZ2186455,"Antibiogram for study PRJEB44355, sample SAMEA8574811"
ERZ2186460,"Antibiogram for study PRJEB44355, sample SAMEA8574819"
ERZ794751,"Antibiogram for study PRJEB21997, sample SAMEA104188790"
ERZ794777,"Antibiogram for study PRJEB21997, sample SAMEA104188697"
ERZ794788,"Antibiogram for study PRJEB21997, sample SAMEA104188730"
ERZ794794,"Antibiogram for study PRJEB21997, sample SAMEA104188758"
ERZ794805,"Antibiogram for study PRJEB21997, sample SAMEA104188722"
ERZ794843,"Antibiogram for study PRJEB21997, sample SAMEA104188701"
ERZ1077469,"Antibiogram for study PRJEB23993, sample SAMEA104437715"
ERZ1077476,"Antibiogram for study PRJEB23993, sample SAMEA104437722"
ERZ2186450,"Antibiogram for study PRJEB44355, sample SAMEA8574820"
ERZ2186458,"Antibiogram for study PRJEB44355, sample SAMEA8574837"
ERZ794782,"Antibiogram for study PRJEB21997, sample SAMEA104188777"
ERZ794783,"Antibiogram for study PRJEB21997, sample SAMEA104188681"
ERZ794792,"Antibiogram for study PRJEB21997, sample SAMEA104188787"
ERZ794828,"Antibiogram for study PRJEB21997, sample SAMEA104188729"
ERZ794858,"Antibiogram for study PRJEB14873, sample SAMEA4350782"
ERZ2186446,"Antibiogram for study PRJEB44355, sample SAMEA8574846"
ERZ2186479,"Antibiogram for study PRJEB44355, sample SAMEA8574841"
ERZ1077403,"Antibiogram for study PRJEB23993, sample SAMEA104437462"
ERZ1077418,"Antibiogram for study PRJEB23993, sample SAMEA104437480"
ERZ1077434,"Antibiogram for study PRJEB23993, sample SAMEA104437644"
ERZ1077448,"Antibiogram for study PRJEB23993, sample SAMEA104437690"
ERZ1077460,"Antibiogram for study PRJEB23993, sample SAMEA104437702"
ERZ1077461,"Antibiogram for study PRJEB23993, sample SAMEA104437703"
ERZ1077465,"Antibiogram for study PRJEB23993, sample SAMEA104437711"
ERZ1077492,"Antibiogram for study PRJEB23993, sample SAMEA104437738"
ERZ1077505,"Antibiogram for study PRJEB23993, sample SAMEA104437751"
ERZ2186464,"Antibiogram for study PRJEB44355, sample SAMEA8574831"
ERZ2186472,"Antibiogram for study PRJEB44355, sample SAMEA8574812"
ERZ1077397,"Antibiogram for study PRJEB23993, sample SAMEA104437456"
ERZ1077430,"Antibiogram for study PRJEB23993, sample SAMEA104437639"
ERZ1077455,"Antibiogram for study PRJEB23993, sample SAMEA104437697"
ERZ1077470,"Antibiogram for study PRJEB23993, sample SAMEA104437716"
ERZ1077471,"Antibiogram for study PRJEB23993, sample SAMEA104437717"
ERZ1077480,"Antibiogram for study PRJEB23993, sample SAMEA104437726"
ERZ1077493,"Antibiogram for study PRJEB23993, sample SAMEA104437739"
ERZ2186459,"Antibiogram for study PRJEB44355, sample SAMEA8574839"
ERZ2186477,"Antibiogram for study PRJEB44355, sample SAMEA8574814"
ERZ2186482,"Antibiogram for study PRJEB44355, sample SAMEA8574806"
ERZ1077399,"Antibiogram for study PRJEB23993, sample SAMEA104437458"
ERZ1077407,"Antibiogram for study PRJEB23993, sample SAMEA104437466"
ERZ1077411,"Antibiogram for study PRJEB23993, sample SAMEA104437470"
ERZ1077437,"Antibiogram for study PRJEB23993, sample SAMEA104437647"
ERZ1077464,"Antibiogram for study PRJEB23993, sample SAMEA104437710"
ERZ1077466,"Antibiogram for study PRJEB23993, sample SAMEA104437712"
ERZ1077479,"Antibiogram for study PRJEB23993, sample SAMEA104437725"
ERZ2186469,"Antibiogram for study PRJEB44355, sample SAMEA8574825"
ERZ2186470,"Antibiogram for study PRJEB44355, sample SAMEA8574815"
ERZ1077394,"Antibiogram for study PRJEB23993, sample SAMEA104437453"
ERZ1077401,"Antibiogram for study PRJEB23993, sample SAMEA104437460"
ERZ1077413,"Antibiogram for study PRJEB23993, sample SAMEA104437472"
ERZ1077429,"Antibiogram for study PRJEB23993, sample SAMEA104437491"
ERZ1077435,"Antibiogram for study PRJEB23993, sample SAMEA104437645"
ERZ1077440,"Antibiogram for study PRJEB23993, sample SAMEA104437650"
ERZ1077457,"Antibiogram for study PRJEB23993, sample SAMEA104437699"
ERZ1077463,"Antibiogram for study PRJEB23993, sample SAMEA104437709"
ERZ2186467,"Antibiogram for study PRJEB44355, sample SAMEA8574804"
ERZ1077393,"Antibiogram for study PRJEB23993, sample SAMEA104437452"
ERZ1077406,"Antibiogram for study PRJEB23993, sample SAMEA104437465"
ERZ1077415,"Antibiogram for study PRJEB23993, sample SAMEA104437474"
ERZ1077425,"Antibiogram for study PRJEB23993, sample SAMEA104437487"
ERZ1077426,"Antibiogram for study PRJEB23993, sample SAMEA104437488"
ERZ1077427,"Antibiogram for study PRJEB23993, sample SAMEA104437489"
ERZ1077445,"Antibiogram for study PRJEB23993, sample SAMEA104437655"
ERZ1077453,"Antibiogram for study PRJEB23993, sample SAMEA104437695"
ERZ1077458,"Antibiogram for study PRJEB23993, sample SAMEA104437700"
ERZ1077475,"Antibiogram for study PRJEB23993, sample SAMEA104437721"
ERZ1077487,"Antibiogram for study PRJEB23993, sample SAMEA104437733"
ERZ1077489,"Antibiogram for study PRJEB23993, sample SAMEA104437735"
ERZ2186445,"Antibiogram for study PRJEB44355, sample SAMEA8574818"
ERZ2186456,"Antibiogram for study PRJEB44355, sample SAMEA8574821"
ERZ2186462,"Antibiogram for study PRJEB44355, sample SAMEA8574817"
ERZ2186481,"Antibiogram for study PRJEB44355, sample SAMEA8574829"
ERZ1077412,"Antibiogram for study PRJEB23993, sample SAMEA104437471"
ERZ1077420,"Antibiogram for study PRJEB23993, sample SAMEA104437482"
ERZ1077421,"Antibiogram for study PRJEB23993, sample SAMEA104437483"
ERZ1077449,"Antibiogram for study PRJEB23993, sample SAMEA104437691"
ERZ1077484,"Antibiogram for study PRJEB23993, sample SAMEA104437730"
ERZ1077494,"Antibiogram for study PRJEB23993, sample SAMEA104437740"
ERZ1077495,"Antibiogram for study PRJEB23993, sample SAMEA104437741"
ERZ1077500,"Antibiogram for study PRJEB23993, sample SAMEA104437746"
ERZ1077503,"Antibiogram for study PRJEB23993, sample SAMEA104437749"
ERZ2186434,"Antibiogram for study PRJEB44355, sample SAMEA8574809"
ERZ1077402,"Antibiogram for study PRJEB23993, sample SAMEA104437461"
ERZ1077428,"Antibiogram for study PRJEB23993, sample SAMEA104437490"
ERZ1077468,"Antibiogram for study PRJEB23993, sample SAMEA104437714"
ERZ2186452,"Antibiogram for study PRJEB44355, sample SAMEA8574803"
ERZ2186465,"Antibiogram for study PRJEB44355, sample SAMEA8574834"
ERZ1077404,"Antibiogram for study PRJEB23993, sample SAMEA104437463"
ERZ1077408,"Antibiogram for study PRJEB23993, sample SAMEA104437467"
ERZ1077431,"Antibiogram for study PRJEB23993, sample SAMEA104437641"
ERZ1077467,"Antibiogram for study PRJEB23993, sample SAMEA104437713"
ERZ1077501,"Antibiogram for study PRJEB23993, sample SAMEA104437747"
ERZ2186443,"Antibiogram for study PRJEB44355, sample SAMEA8574801"
ERZ2186466,"Antibiogram for study PRJEB44355, sample SAMEA8574816"
ERZ1077405,"Antibiogram for study PRJEB23993, sample SAMEA104437464"
ERZ1077436,"Antibiogram for study PRJEB23993, sample SAMEA104437646"
ERZ1077441,"Antibiogram for study PRJEB23993, sample SAMEA104437651"
ERZ1077459,"Antibiogram for study PRJEB23993, sample SAMEA104437701"
ERZ1077482,"Antibiogram for study PRJEB23993, sample SAMEA104437728"
ERZ1077485,"Antibiogram for study PRJEB23993, sample SAMEA104437731"
ERZ1077488,"Antibiogram for study PRJEB23993, sample SAMEA104437734"
ERZ2186439,"Antibiogram for study PRJEB44355, sample SAMEA8574800"
ERZ2186453,"Antibiogram for study PRJEB44355, sample SAMEA8574810"
ERZ2186473,"Antibiogram for study PRJEB44355, sample SAMEA8574843"
ERZ1077443,"Antibiogram for study PRJEB23993, sample SAMEA104437653"
ERZ1077499,"Antibiogram for study PRJEB23993, sample SAMEA104437745"
ERZ2186442,"Antibiogram for study PRJEB44355, sample SAMEA8574827"
ERZ2186448,"Antibiogram for study PRJEB44355, sample SAMEA8574840"
ERZ2186449,"Antibiogram for study PRJEB44355, sample SAMEA8574805"
ERZ2186480,"Antibiogram for study PRJEB44355, sample SAMEA8574807"
ERZ1077456,"Antibiogram for study PRJEB23993, sample SAMEA104437698"
ERZ1077462,"Antibiogram for study PRJEB23993, sample SAMEA104437708"
ERZ1077491,"Antibiogram for study PRJEB23993, sample SAMEA104437737"
ERZ2186468,"Antibiogram for study PRJEB44355, sample SAMEA8574844"
ERZ2186471,"Antibiogram for study PRJEB44355, sample SAMEA8574845"
ERZ2186483,"Antibiogram for study PRJEB44355, sample SAMEA8574832"
ERZ1077433,"Antibiogram for study PRJEB23993, sample SAMEA104437643"
ERZ1077444,"Antibiogram for study PRJEB23993, sample SAMEA104437654"
ERZ2186454,"Antibiogram for study PRJEB44355, sample SAMEA8574848"
ERZ2186463,"Antibiogram for study PRJEB44355, sample SAMEA8574836"
ERZ2186476,"Antibiogram for study PRJEB44355, sample SAMEA8574847"
ERZ1077400,"Antibiogram for study PRJEB23993, sample SAMEA104437459"
ERZ1077432,"Antibiogram for study PRJEB23993, sample SAMEA104437642"
ERZ1077439,"Antibiogram for study PRJEB23993, sample SAMEA104437649"
ERZ1077446,"Antibiogram for study PRJEB23993, sample SAMEA104437656"
ERZ1077472,"Antibiogram for study PRJEB23993, sample SAMEA104437718"
ERZ1077481,"Antibiogram for study PRJEB23993, sample SAMEA104437727"
ERZ1077398,"Antibiogram for study PRJEB23993, sample SAMEA104437457"
ERZ1077419,"Antibiogram for study PRJEB23993, sample SAMEA104437481"
ERZ1077454,"Antibiogram for study PRJEB23993, sample SAMEA104437696"
ERZ1077474,"Antibiogram for study PRJEB23993, sample SAMEA104437720"
ERZ1077502,"Antibiogram for study PRJEB23993, sample SAMEA104437748"
ERZ2186461,"Antibiogram for study PRJEB44355, sample SAMEA8574826"
ERZ1077483,"Antibiogram for study PRJEB23993, sample SAMEA104437729"
ERZ2186444,"Antibiogram for study PRJEB44355, sample SAMEA8574813"
ERZ1077417,"Antibiogram for study PRJEB23993, sample SAMEA104437479"
ERZ1077422,"Antibiogram for study PRJEB23993, sample SAMEA104437484"
ERZ1077423,"Antibiogram for study PRJEB23993, sample SAMEA104437485"
ERZ1077450,"Antibiogram for study PRJEB23993, sample SAMEA104437692"
ERZ1077451,"Antibiogram for study PRJEB23993, sample SAMEA104437693"
ERZ1077452,"Antibiogram for study PRJEB23993, sample SAMEA104437694"
ERZ1077477,"Antibiogram for study PRJEB23993, sample SAMEA104437723"
ERZ1077478,"Antibiogram for study PRJEB23993, sample SAMEA104437724"
ERZ1077490,"Antibiogram for study PRJEB23993, sample SAMEA104437736"
ERZ2186438,"Antibiogram for study PRJEB44355, sample SAMEA8574835"
ERZ2186475,"Antibiogram for study PRJEB44355, sample SAMEA8574822"
ERZ1077396,"Antibiogram for study PRJEB23993, sample SAMEA104437455"
ERZ1077424,"Antibiogram for study PRJEB23993, sample SAMEA104437486"
ERZ1077447,"Antibiogram for study PRJEB23993, sample SAMEA104437689"
ERZ1077486,"Antibiogram for study PRJEB23993, sample SAMEA104437732"
ERZ1077498,"Antibiogram for study PRJEB23993, sample SAMEA104437744"
ERZ1077504,"Antibiogram for study PRJEB23993, sample SAMEA104437750"
ERZ2186436,"Antibiogram for study PRJEB44355, sample SAMEA8574838"
ERZ2186437,"Antibiogram for study PRJEB44355, sample SAMEA8574824"
ERZ2186451,"Antibiogram for study PRJEB44355, sample SAMEA8574842"
ERZ794768,"Antibiogram for study PRJEB21997, sample SAMEA104188702"
ERZ794790,"Antibiogram for study PRJEB21997, sample SAMEA104188739"
ERZ794796,"Antibiogram for study PRJEB21997, sample SAMEA104188765"
ERZ908662,"Antibiogram for study PRJDB7087, sample SAMD00126565"
ERZ908684,"Antibiogram for study PRJDB7087, sample SAMD00126433"
ERZ908701,"Antibiogram for study PRJDB7087, sample SAMD00126539"
ERZ908707,"Antibiogram for study PRJDB7087, sample SAMD00126406"
ERZ908720,"Antibiogram for study PRJDB7087, sample SAMD00126579"
ERZ908738,"Antibiogram for study PRJDB7087, sample SAMD00126468"
ERZ908751,"Antibiogram for study PRJDB7087, sample SAMD00126461"
ERZ908757,"Antibiogram for study PRJDB7087, sample SAMD00126394"
ERZ908766,"Antibiogram for study PRJDB7087, sample SAMD00126578"
ERZ908775,"Antibiogram for study PRJDB7087, sample SAMD00126431"
ERZ908779,"Antibiogram for study PRJDB7087, sample SAMD00126488"
ERZ908788,"Antibiogram for study PRJDB7087, sample SAMD00126446"
ERZ908804,"Antibiogram for study PRJDB7087, sample SAMD00126375"
ERZ908814,"Antibiogram for study PRJDB7087, sample SAMD00126540"
ERZ908833,"Antibiogram for study PRJDB7087, sample SAMD00126484"
ERZ908844,"Antibiogram for study PRJDB7087, sample SAMD00126574"
ERZ908854,"Antibiogram for study PRJDB7087, sample SAMD00126475"
ERZ908856,"Antibiogram for study PRJDB7087, sample SAMD00126547"
ERZ908860,"Antibiogram for study PRJDB7087, sample SAMD00126383"
ERZ908863,"Antibiogram for study PRJDB7087, sample SAMD00126361"
ERZ908866,"Antibiogram for study PRJDB7087, sample SAMD00126533"
ERZ908868,"Antibiogram for study PRJDB7087, sample SAMD00126586"
ERZ908873,"Antibiogram for study PRJDB7087, sample SAMD00126599"
ERZ908892,"Antibiogram for study PRJDB7087, sample SAMD00126465"
ERZ1077410,"Antibiogram for study PRJEB23993, sample SAMEA104437469"
ERZ1077414,"Antibiogram for study PRJEB23993, sample SAMEA104437473"
ERZ1077438,"Antibiogram for study PRJEB23993, sample SAMEA104437648"
ERZ2186440,"Antibiogram for study PRJEB44355, sample SAMEA8574799"
ERZ2186457,"Antibiogram for study PRJEB44355, sample SAMEA8574830"
ERZ2186474,"Antibiogram for study PRJEB44355, sample SAMEA8574833"
ERZ794748,"Antibiogram for study PRJEB21997, sample SAMEA104188707"
ERZ794772,"Antibiogram for study PRJEB21997, sample SAMEA104188768"
ERZ794781,"Antibiogram for study PRJEB21997, sample SAMEA104188686"
ERZ794786,"Antibiogram for study PRJEB21997, sample SAMEA104188778"
ERZ794827,"Antibiogram for study PRJEB21997, sample SAMEA104188771"
ERZ794834,"Antibiogram for study PRJEB21997, sample SAMEA104188737"
ERZ794835,"Antibiogram for study PRJEB21997, sample SAMEA104188791"
ERZ794863,"Antibiogram for study PRJEB14873, sample SAMEA4350779"
ERZ1077409,"Antibiogram for study PRJEB23993, sample SAMEA104437468"
ERZ2186478,"Antibiogram for study PRJEB44355, sample SAMEA8574828"
ERZ794750,"Antibiogram for study PRJEB21997, sample SAMEA104188708"
ERZ794808,"Antibiogram for study PRJEB21997, sample SAMEA104188788"
ERZ794840,"Antibiogram for study PRJEB21997, sample SAMEA104188741"
ERZ1077416,"Antibiogram for study PRJEB23993, sample SAMEA104437475"
ERZ1077497,"Antibiogram for study PRJEB23993, sample SAMEA104437743"
ERZ1077506,"Antibiogram for study PRJEB23993, sample SAMEA104437752"
ERZ2186435,"Antibiogram for study PRJEB44355, sample SAMEA8574823"
ERZ794761,"Antibiogram for study PRJEB21997, sample SAMEA104188688"
ERZ794770,"Antibiogram for study PRJEB21997, sample SAMEA104188712"
ERZ794819,"Antibiogram for study PRJEB21997, sample SAMEA104188743"
ERZ794832,"Antibiogram for study PRJEB21997, sample SAMEA104188726"
ERZ794853,"Antibiogram for study PRJEB14873, sample SAMEA4350776"
ERZ795324,"Antibiogram for study PRJEB25629, sample SAMEA5166664"
ERZ794771,"Antibiogram for study PRJEB21997, sample SAMEA104188766"
ERZ794809,"Antibiogram for study PRJEB21997, sample SAMEA104188767"
ERZ794833,"Antibiogram for study PRJEB21997, sample SAMEA104188689"
ERZ794867,"Antibiogram for study PRJEB14873, sample SAMEA4350770"
ERZ795320,"Antibiogram for study PRJEB25629, sample SAMEA5166660"
ERZ782754,"Antibiogram for study PRJEB14873, sample SAMEA4350770"
ERZ908667,"Antibiogram for study PRJDB7087, sample SAMD00126582"
ERZ908670,"Antibiogram for study PRJDB7087, sample SAMD00126542"
ERZ908675,"Antibiogram for study PRJDB7087, sample SAMD00126555"
ERZ908689,"Antibiogram for study PRJDB7087, sample SAMD00126564"
ERZ908706,"Antibiogram for study PRJDB7087, sample SAMD00126457"
ERZ908722,"Antibiogram for study PRJDB7087, sample SAMD00126538"
ERZ908723,"Antibiogram for study PRJDB7087, sample SAMD00126453"
ERZ908730,"Antibiogram for study PRJDB7087, sample SAMD00126412"
ERZ908733,"Antibiogram for study PRJDB7087, sample SAMD00126530"
ERZ908734,"Antibiogram for study PRJDB7087, sample SAMD00126463"
ERZ908741,"Antibiogram for study PRJDB7087, sample SAMD00126380"
ERZ908756,"Antibiogram for study PRJDB7087, sample SAMD00126455"
ERZ908768,"Antibiogram for study PRJDB7087, sample SAMD00126472"
ERZ908774,"Antibiogram for study PRJDB7087, sample SAMD00126362"
ERZ908780,"Antibiogram for study PRJDB7087, sample SAMD00126417"
ERZ908791,"Antibiogram for study PRJDB7087, sample SAMD00126474"
ERZ908792,"Antibiogram for study PRJDB7087, sample SAMD00126511"
ERZ908794,"Antibiogram for study PRJDB7087, sample SAMD00126445"
ERZ908795,"Antibiogram for study PRJDB7087, sample SAMD00126437"
ERZ908797,"Antibiogram for study PRJDB7087, sample SAMD00126521"
ERZ908811,"Antibiogram for study PRJDB7087, sample SAMD00126408"
ERZ908815,"Antibiogram for study PRJDB7087, sample SAMD00126534"
ERZ908819,"Antibiogram for study PRJDB7087, sample SAMD00126544"
ERZ908881,"Antibiogram for study PRJDB7087, sample SAMD00126392"
ERZ908884,"Antibiogram for study PRJDB7087, sample SAMD00126359"
ERZ794739,"Antibiogram for study PRJEB21997, sample SAMEA104188782"
ERZ794757,"Antibiogram for study PRJEB21997, sample SAMEA104188710"
ERZ794815,"Antibiogram for study PRJEB21997, sample SAMEA104188704"
ERZ794821,"Antibiogram for study PRJEB21997, sample SAMEA104188736"
ERZ794825,"Antibiogram for study PRJEB21997, sample SAMEA104188703"
ERZ794838,"Antibiogram for study PRJEB21997, sample SAMEA104188784"
ERZ794846,"Antibiogram for study PRJEB21997, sample SAMEA104188699"
ERZ795319,"Antibiogram for study PRJEB25629, sample SAMEA5166659"
ERZ908652,"Antibiogram for study PRJDB7087, sample SAMD00126489"
ERZ908673,"Antibiogram for study PRJDB7087, sample SAMD00126402"
ERZ908679,"Antibiogram for study PRJDB7087, sample SAMD00126467"
ERZ908688,"Antibiogram for study PRJDB7087, sample SAMD00126583"
ERZ908719,"Antibiogram for study PRJDB7087, sample SAMD00126420"
ERZ908727,"Antibiogram for study PRJDB7087, sample SAMD00126598"
ERZ908731,"Antibiogram for study PRJDB7087, sample SAMD00126381"
ERZ908742,"Antibiogram for study PRJDB7087, sample SAMD00126573"
ERZ908743,"Antibiogram for study PRJDB7087, sample SAMD00126593"
ERZ908749,"Antibiogram for study PRJDB7087, sample SAMD00126476"
ERZ908752,"Antibiogram for study PRJDB7087, sample SAMD00126368"
ERZ908765,"Antibiogram for study PRJDB7087, sample SAMD00126421"
ERZ908784,"Antibiogram for study PRJDB7087, sample SAMD00126438"
ERZ908790,"Antibiogram for study PRJDB7087, sample SAMD00126517"
ERZ908801,"Antibiogram for study PRJDB7087, sample SAMD00126397"
ERZ908805,"Antibiogram for study PRJDB7087, sample SAMD00126426"
ERZ908827,"Antibiogram for study PRJDB7087, sample SAMD00126458"
ERZ908832,"Antibiogram for study PRJDB7087, sample SAMD00126560"
ERZ908839,"Antibiogram for study PRJDB7087, sample SAMD00126456"
ERZ908843,"Antibiogram for study PRJDB7087, sample SAMD00126499"
ERZ908846,"Antibiogram for study PRJDB7087, sample SAMD00126587"
ERZ908859,"Antibiogram for study PRJDB7087, sample SAMD00126559"
ERZ908864,"Antibiogram for study PRJDB7087, sample SAMD00126435"
ERZ908869,"Antibiogram for study PRJDB7087, sample SAMD00126541"
ERZ794736,"Antibiogram for study PRJEB21997, sample SAMEA104188775"
ERZ794738,"Antibiogram for study PRJEB21997, sample SAMEA104188789"
ERZ794745,"Antibiogram for study PRJEB21997, sample SAMEA104188757"
ERZ794752,"Antibiogram for study PRJEB21997, sample SAMEA104188687"
ERZ794814,"Antibiogram for study PRJEB21997, sample SAMEA104188744"
ERZ794864,"Antibiogram for study PRJEB14873, sample SAMEA4350769"
ERZ795325,"Antibiogram for study PRJEB25629, sample SAMEA5166665"
ERZ795328,"Antibiogram for study PRJEB25629, sample SAMEA5166668"
ERZ908653,"Antibiogram for study PRJDB7087, sample SAMD00126422"
ERZ908658,"Antibiogram for study PRJDB7087, sample SAMD00126358"
ERZ908665,"Antibiogram for study PRJDB7087, sample SAMD00126531"
ERZ908698,"Antibiogram for study PRJDB7087, sample SAMD00126378"
ERZ908699,"Antibiogram for study PRJDB7087, sample SAMD00126498"
ERZ908711,"Antibiogram for study PRJDB7087, sample SAMD00126452"
ERZ908718,"Antibiogram for study PRJDB7087, sample SAMD00126570"
ERZ908755,"Antibiogram for study PRJDB7087, sample SAMD00126449"
ERZ908772,"Antibiogram for study PRJDB7087, sample SAMD00126384"
ERZ908777,"Antibiogram for study PRJDB7087, sample SAMD00126363"
ERZ908802,"Antibiogram for study PRJDB7087, sample SAMD00126442"
ERZ908807,"Antibiogram for study PRJDB7087, sample SAMD00126374"
ERZ908817,"Antibiogram for study PRJDB7087, sample SAMD00126519"
ERZ908818,"Antibiogram for study PRJDB7087, sample SAMD00126385"
ERZ908823,"Antibiogram for study PRJDB7087, sample SAMD00126595"
ERZ908830,"Antibiogram for study PRJDB7087, sample SAMD00126589"
ERZ908831,"Antibiogram for study PRJDB7087, sample SAMD00126525"
ERZ908849,"Antibiogram for study PRJDB7087, sample SAMD00126509"
ERZ908871,"Antibiogram for study PRJDB7087, sample SAMD00126603"
ERZ908889,"Antibiogram for study PRJDB7087, sample SAMD00126483"
ERZ908891,"Antibiogram for study PRJDB7087, sample SAMD00126543"
ERZ908895,"Antibiogram for study PRJDB7087, sample SAMD00126390"
ERZ794744,"Antibiogram for study PRJEB21997, sample SAMEA104188723"
ERZ794779,"Antibiogram for study PRJEB21997, sample SAMEA104188754"
ERZ794785,"Antibiogram for study PRJEB21997, sample SAMEA104188753"
ERZ794787,"Antibiogram for study PRJEB21997, sample SAMEA104188762"
ERZ794806,"Antibiogram for study PRJEB21997, sample SAMEA104188750"
ERZ794816,"Antibiogram for study PRJEB21997, sample SAMEA104188772"
ERZ794818,"Antibiogram for study PRJEB21997, sample SAMEA104188731"
ERZ794839,"Antibiogram for study PRJEB21997, sample SAMEA104188760"
ERZ794845,"Antibiogram for study PRJEB21997, sample SAMEA104188684"
ERZ794859,"Antibiogram for study PRJEB14873, sample SAMEA4350789"
ERZ794860,"Antibiogram for study PRJEB14873, sample SAMEA4350772"
ERZ794861,"Antibiogram for study PRJEB14873, sample SAMEA4350781"
ERZ794862,"Antibiogram for study PRJEB14873, sample SAMEA4350773"
ERZ795316,"Antibiogram for study PRJEB25629, sample SAMEA104712327"
ERZ908649,"Antibiogram for study PRJDB7087, sample SAMD00126478"
ERZ908677,"Antibiogram for study PRJDB7087, sample SAMD00126561"
ERZ908716,"Antibiogram for study PRJDB7087, sample SAMD00126424"
ERZ908736,"Antibiogram for study PRJDB7087, sample SAMD00126407"
ERZ908800,"Antibiogram for study PRJDB7087, sample SAMD00126497"
ERZ908821,"Antibiogram for study PRJDB7087, sample SAMD00126366"
ERZ908837,"Antibiogram for study PRJDB7087, sample SAMD00126502"
ERZ908851,"Antibiogram for study PRJDB7087, sample SAMD00126495"
ERZ908862,"Antibiogram for study PRJDB7087, sample SAMD00126515"
ERZ794746,"Antibiogram for study PRJEB21997, sample SAMEA104188732"
ERZ794773,"Antibiogram for study PRJEB21997, sample SAMEA104188718"
ERZ794775,"Antibiogram for study PRJEB21997, sample SAMEA104188705"
ERZ794800,"Antibiogram for study PRJEB21997, sample SAMEA104188774"
ERZ794803,"Antibiogram for study PRJEB21997, sample SAMEA104188717"
ERZ794810,"Antibiogram for study PRJEB21997, sample SAMEA104188780"
ERZ794813,"Antibiogram for study PRJEB21997, sample SAMEA104188724"
ERZ794841,"Antibiogram for study PRJEB21997, sample SAMEA104188706"
ERZ794856,"Antibiogram for study PRJEB14873, sample SAMEA4350774"
ERZ794865,"Antibiogram for study PRJEB14873, sample SAMEA4350787"
ERZ794869,"Antibiogram for study PRJEB14873, sample SAMEA4350786"
ERZ794741,"Antibiogram for study PRJEB21997, sample SAMEA104188747"
ERZ794743,"Antibiogram for study PRJEB21997, sample SAMEA104188738"
ERZ794789,"Antibiogram for study PRJEB21997, sample SAMEA104188714"
ERZ794797,"Antibiogram for study PRJEB21997, sample SAMEA104188683"
ERZ794823,"Antibiogram for study PRJEB21997, sample SAMEA104188761"
ERZ794824,"Antibiogram for study PRJEB21997, sample SAMEA104188692"
ERZ794831,"Antibiogram for study PRJEB21997, sample SAMEA104188769"
ERZ794740,"Antibiogram for study PRJEB21997, sample SAMEA104188755"
ERZ794749,"Antibiogram for study PRJEB21997, sample SAMEA104188693"
ERZ794762,"Antibiogram for study PRJEB21997, sample SAMEA104188716"
ERZ794764,"Antibiogram for study PRJEB21997, sample SAMEA104188690"
ERZ794769,"Antibiogram for study PRJEB21997, sample SAMEA104188786"
ERZ794793,"Antibiogram for study PRJEB21997, sample SAMEA104188751"
ERZ794798,"Antibiogram for study PRJEB21997, sample SAMEA104188773"
ERZ794817,"Antibiogram for study PRJEB21997, sample SAMEA104188713"
ERZ794822,"Antibiogram for study PRJEB21997, sample SAMEA104188752"
ERZ794829,"Antibiogram for study PRJEB21997, sample SAMEA104188700"
ERZ794870,"Antibiogram for study PRJEB14873, sample SAMEA4350778"
ERZ908672,"Antibiogram for study PRJDB7087, sample SAMD00126423"
ERZ908702,"Antibiogram for study PRJDB7087, sample SAMD00126507"
ERZ908708,"Antibiogram for study PRJDB7087, sample SAMD00126443"
ERZ908717,"Antibiogram for study PRJDB7087, sample SAMD00126520"
ERZ908769,"Antibiogram for study PRJDB7087, sample SAMD00126585"
ERZ908771,"Antibiogram for study PRJDB7087, sample SAMD00126480"
ERZ908787,"Antibiogram for study PRJDB7087, sample SAMD00126535"
ERZ908816,"Antibiogram for study PRJDB7087, sample SAMD00126360"
ERZ908828,"Antibiogram for study PRJDB7087, sample SAMD00126399"
ERZ908840,"Antibiogram for study PRJDB7087, sample SAMD00126403"
ERZ908845,"Antibiogram for study PRJDB7087, sample SAMD00126395"
ERZ794755,"Antibiogram for study PRJEB21997, sample SAMEA104188685"
ERZ794795,"Antibiogram for study PRJEB21997, sample SAMEA104188720"
ERZ794801,"Antibiogram for study PRJEB21997, sample SAMEA104188740"
ERZ794820,"Antibiogram for study PRJEB21997, sample SAMEA104188759"
ERZ794850,"Antibiogram for study PRJEB14873, sample SAMEA4350784"
ERZ795323,"Antibiogram for study PRJEB25629, sample SAMEA5166663"
ERZ908651,"Antibiogram for study PRJDB7087, sample SAMD00126376"
ERZ908654,"Antibiogram for study PRJDB7087, sample SAMD00126469"
ERZ908657,"Antibiogram for study PRJDB7087, sample SAMD00126418"
ERZ908682,"Antibiogram for study PRJDB7087, sample SAMD00126398"
ERZ908687,"Antibiogram for study PRJDB7087, sample SAMD00126404"
ERZ908691,"Antibiogram for study PRJDB7087, sample SAMD00126386"
ERZ908693,"Antibiogram for study PRJDB7087, sample SAMD00126576"
ERZ908696,"Antibiogram for study PRJDB7087, sample SAMD00126566"
ERZ908729,"Antibiogram for study PRJDB7087, sample SAMD00126396"
ERZ908737,"Antibiogram for study PRJDB7087, sample SAMD00126364"
ERZ908745,"Antibiogram for study PRJDB7087, sample SAMD00126569"
ERZ908770,"Antibiogram for study PRJDB7087, sample SAMD00126434"
ERZ908781,"Antibiogram for study PRJDB7087, sample SAMD00126526"
ERZ908808,"Antibiogram for study PRJDB7087, sample SAMD00126448"
ERZ908822,"Antibiogram for study PRJDB7087, sample SAMD00126594"
ERZ908848,"Antibiogram for study PRJDB7087, sample SAMD00126416"
ERZ908853,"Antibiogram for study PRJDB7087, sample SAMD00126558"
ERZ908858,"Antibiogram for study PRJDB7087, sample SAMD00126482"
ERZ908876,"Antibiogram for study PRJDB7087, sample SAMD00126419"
ERZ908886,"Antibiogram for study PRJDB7087, sample SAMD00126537"
ERZ908890,"Antibiogram for study PRJDB7087, sample SAMD00126567"
ERZ794791,"Antibiogram for study PRJEB21997, sample SAMEA104188779"
ERZ794812,"Antibiogram for study PRJEB21997, sample SAMEA104188763"
ERZ794842,"Antibiogram for study PRJEB21997, sample SAMEA104188745"
ERZ794852,"Antibiogram for study PRJEB14873, sample SAMEA4350775"
ERZ794855,"Antibiogram for study PRJEB14873, sample SAMEA4350790"
ERZ908660,"Antibiogram for study PRJDB7087, sample SAMD00126479"
ERZ908678,"Antibiogram for study PRJDB7087, sample SAMD00126536"
ERZ908683,"Antibiogram for study PRJDB7087, sample SAMD00126382"
ERZ908686,"Antibiogram for study PRJDB7087, sample SAMD00126481"
ERZ908724,"Antibiogram for study PRJDB7087, sample SAMD00126460"
ERZ908725,"Antibiogram for study PRJDB7087, sample SAMD00126387"
ERZ908728,"Antibiogram for study PRJDB7087, sample SAMD00126496"
ERZ908748,"Antibiogram for study PRJDB7087, sample SAMD00126372"
ERZ908754,"Antibiogram for study PRJDB7087, sample SAMD00126440"
ERZ908759,"Antibiogram for study PRJDB7087, sample SAMD00126486"
ERZ908760,"Antibiogram for study PRJDB7087, sample SAMD00126379"
ERZ908776,"Antibiogram for study PRJDB7087, sample SAMD00126505"
ERZ908782,"Antibiogram for study PRJDB7087, sample SAMD00126454"
ERZ908798,"Antibiogram for study PRJDB7087, sample SAMD00126415"
ERZ908829,"Antibiogram for study PRJDB7087, sample SAMD00126532"
ERZ908874,"Antibiogram for study PRJDB7087, sample SAMD00126563"
ERZ908894,"Antibiogram for study PRJDB7087, sample SAMD00126451"
ERZ794737,"Antibiogram for study PRJEB21997, sample SAMEA104188735"
ERZ794747,"Antibiogram for study PRJEB21997, sample SAMEA104188727"
ERZ794758,"Antibiogram for study PRJEB21997, sample SAMEA104188725"
ERZ794759,"Antibiogram for study PRJEB21997, sample SAMEA104188749"
ERZ794765,"Antibiogram for study PRJEB21997, sample SAMEA104188792"
ERZ794774,"Antibiogram for study PRJEB21997, sample SAMEA104188709"
ERZ794780,"Antibiogram for study PRJEB21997, sample SAMEA104188748"
ERZ794802,"Antibiogram for study PRJEB21997, sample SAMEA104188733"
ERZ795321,"Antibiogram for study PRJEB25629, sample SAMEA5166661"
ERZ795326,"Antibiogram for study PRJEB25629, sample SAMEA5166666"
ERZ795327,"Antibiogram for study PRJEB25629, sample SAMEA5166667"
ERZ481723,"Antibiogram for study PRJNA292901, sample SAMN04014842"
ERZ794753,"Antibiogram for study PRJEB21997, sample SAMEA104188770"
ERZ794760,"Antibiogram for study PRJEB21997, sample SAMEA104188698"
ERZ794763,"Antibiogram for study PRJEB21997, sample SAMEA104188783"
ERZ794776,"Antibiogram for study PRJEB21997, sample SAMEA104188785"
ERZ794804,"Antibiogram for study PRJEB21997, sample SAMEA104188764"
ERZ794854,"Antibiogram for study PRJEB14873, sample SAMEA4350785"
ERZ908664,"Antibiogram for study PRJDB7087, sample SAMD00126429"
ERZ908666,"Antibiogram for study PRJDB7087, sample SAMD00126604"
ERZ908668,"Antibiogram for study PRJDB7087, sample SAMD00126409"
ERZ908680,"Antibiogram for study PRJDB7087, sample SAMD00126432"
ERZ908712,"Antibiogram for study PRJDB7087, sample SAMD00126425"
ERZ908714,"Antibiogram for study PRJDB7087, sample SAMD00126580"
ERZ908735,"Antibiogram for study PRJDB7087, sample SAMD00126510"
ERZ908740,"Antibiogram for study PRJDB7087, sample SAMD00126493"
ERZ908746,"Antibiogram for study PRJDB7087, sample SAMD00126441"
ERZ908753,"Antibiogram for study PRJDB7087, sample SAMD00126494"
ERZ908758,"Antibiogram for study PRJDB7087, sample SAMD00126427"
ERZ908761,"Antibiogram for study PRJDB7087, sample SAMD00126485"
ERZ908762,"Antibiogram for study PRJDB7087, sample SAMD00126600"
ERZ908806,"Antibiogram for study PRJDB7087, sample SAMD00126512"
ERZ908810,"Antibiogram for study PRJDB7087, sample SAMD00126447"
ERZ908825,"Antibiogram for study PRJDB7087, sample SAMD00126575"
ERZ908838,"Antibiogram for study PRJDB7087, sample SAMD00126391"
ERZ908847,"Antibiogram for study PRJDB7087, sample SAMD00126556"
ERZ908861,"Antibiogram for study PRJDB7087, sample SAMD00126562"
ERZ908865,"Antibiogram for study PRJDB7087, sample SAMD00126514"
ERZ908875,"Antibiogram for study PRJDB7087, sample SAMD00126405"
ERZ908888,"Antibiogram for study PRJDB7087, sample SAMD00126411"
ERZ794766,"Antibiogram for study PRJEB21997, sample SAMEA104188682"
ERZ794807,"Antibiogram for study PRJEB21997, sample SAMEA104188694"
ERZ794851,"Antibiogram for study PRJEB14873, sample SAMEA4350771"
ERZ795317,"Antibiogram for study PRJEB25629, sample SAMEA104712328"
ERZ795322,"Antibiogram for study PRJEB25629, sample SAMEA5166662"
ERZ794784,"Antibiogram for study PRJEB21997, sample SAMEA104188776"
ERZ794799,"Antibiogram for study PRJEB21997, sample SAMEA104188696"
ERZ794866,"Antibiogram for study PRJEB14873, sample SAMEA4350777"
ERZ908659,"Antibiogram for study PRJDB7087, sample SAMD00126568"
ERZ908674,"Antibiogram for study PRJDB7087, sample SAMD00126459"
ERZ908690,"Antibiogram for study PRJDB7087, sample SAMD00126444"
ERZ908692,"Antibiogram for study PRJDB7087, sample SAMD00126466"
ERZ908703,"Antibiogram for study PRJDB7087, sample SAMD00126414"
ERZ908705,"Antibiogram for study PRJDB7087, sample SAMD00126477"
ERZ908709,"Antibiogram for study PRJDB7087, sample SAMD00126491"
ERZ908715,"Antibiogram for study PRJDB7087, sample SAMD00126365"
ERZ908726,"Antibiogram for study PRJDB7087, sample SAMD00126377"
ERZ908764,"Antibiogram for study PRJDB7087, sample SAMD00126518"
ERZ908778,"Antibiogram for study PRJDB7087, sample SAMD00126546"
ERZ908783,"Antibiogram for study PRJDB7087, sample SAMD00126552"
ERZ908785,"Antibiogram for study PRJDB7087, sample SAMD00126487"
ERZ908786,"Antibiogram for study PRJDB7087, sample SAMD00126550"
ERZ908793,"Antibiogram for study PRJDB7087, sample SAMD00126413"
ERZ908812,"Antibiogram for study PRJDB7087, sample SAMD00126508"
ERZ908826,"Antibiogram for study PRJDB7087, sample SAMD00126389"
ERZ908834,"Antibiogram for study PRJDB7087, sample SAMD00126584"
ERZ908835,"Antibiogram for study PRJDB7087, sample SAMD00126572"
ERZ908841,"Antibiogram for study PRJDB7087, sample SAMD00126581"
ERZ908870,"Antibiogram for study PRJDB7087, sample SAMD00126462"
ERZ908877,"Antibiogram for study PRJDB7087, sample SAMD00126527"
ERZ908880,"Antibiogram for study PRJDB7087, sample SAMD00126401"
ERZ908887,"Antibiogram for study PRJDB7087, sample SAMD00126373"
ERZ794767,"Antibiogram for study PRJEB21997, sample SAMEA104188756"
ERZ794844,"Antibiogram for study PRJEB21997, sample SAMEA104188734"
ERZ794857,"Antibiogram for study PRJEB14873, sample SAMEA4350780"
ERZ795318,"Antibiogram for study PRJEB25629, sample SAMEA104712337"
ERZ908650,"Antibiogram for study PRJDB7087, sample SAMD00126571"
ERZ908663,"Antibiogram for study PRJDB7087, sample SAMD00126602"
ERZ908671,"Antibiogram for study PRJDB7087, sample SAMD00126592"
ERZ908685,"Antibiogram for study PRJDB7087, sample SAMD00126410"
ERZ908732,"Antibiogram for study PRJDB7087, sample SAMD00126371"
ERZ908744,"Antibiogram for study PRJDB7087, sample SAMD00126464"
ERZ908803,"Antibiogram for study PRJDB7087, sample SAMD00126548"
ERZ908813,"Antibiogram for study PRJDB7087, sample SAMD00126549"
ERZ908878,"Antibiogram for study PRJDB7087, sample SAMD00126500"
ERZ908879,"Antibiogram for study PRJDB7087, sample SAMD00126428"
ERZ908893,"Antibiogram for study PRJDB7087, sample SAMD00126529"
ERZ794742,"Antibiogram for study PRJEB21997, sample SAMEA104188691"
ERZ794811,"Antibiogram for study PRJEB21997, sample SAMEA104188728"
ERZ794830,"Antibiogram for study PRJEB21997, sample SAMEA104188742"
ERZ794836,"Antibiogram for study PRJEB21997, sample SAMEA104188781"
ERZ794837,"Antibiogram for study PRJEB21997, sample SAMEA104188695"
ERZ794849,"Antibiogram for study PRJEB14873, sample SAMEA4350783"
ERZ794868,"Antibiogram for study PRJEB14873, sample SAMEA4350788"
ERZ908655,"Antibiogram for study PRJDB7087, sample SAMD00126492"
ERZ908656,"Antibiogram for study PRJDB7087, sample SAMD00126591"
ERZ908669,"Antibiogram for study PRJDB7087, sample SAMD00126370"
ERZ908697,"Antibiogram for study PRJDB7087, sample SAMD00126551"
ERZ908700,"Antibiogram for study PRJDB7087, sample SAMD00126400"
ERZ908704,"Antibiogram for study PRJDB7087, sample SAMD00126513"
ERZ908713,"Antibiogram for study PRJDB7087, sample SAMD00126516"
ERZ908721,"Antibiogram for study PRJDB7087, sample SAMD00126577"
ERZ908747,"Antibiogram for study PRJDB7087, sample SAMD00126597"
ERZ908750,"Antibiogram for study PRJDB7087, sample SAMD00126588"
ERZ908763,"Antibiogram for study PRJDB7087, sample SAMD00126522"
ERZ908796,"Antibiogram for study PRJDB7087, sample SAMD00126504"
ERZ908809,"Antibiogram for study PRJDB7087, sample SAMD00126503"
ERZ908820,"Antibiogram for study PRJDB7087, sample SAMD00126388"
ERZ908836,"Antibiogram for study PRJDB7087, sample SAMD00126557"
ERZ908850,"Antibiogram for study PRJDB7087, sample SAMD00126430"
ERZ908852,"Antibiogram for study PRJDB7087, sample SAMD00126436"
ERZ908855,"Antibiogram for study PRJDB7087, sample SAMD00126524"
ERZ908885,"Antibiogram for study PRJDB7087, sample SAMD00126367"
ERZ794754,"Antibiogram for study PRJEB21997, sample SAMEA104188746"
ERZ794756,"Antibiogram for study PRJEB21997, sample SAMEA104188711"
ERZ794778,"Antibiogram for study PRJEB21997, sample SAMEA104188721"
ERZ794826,"Antibiogram for study PRJEB21997, sample SAMEA104188719"
ERZ908867,"Antibiogram for study PRJDB7087, sample SAMD00126596"
ERZ908883,"Antibiogram for study PRJDB7087, sample SAMD00126545"
ERZ908661,"Antibiogram for study PRJDB7087, sample SAMD00126470"
ERZ908676,"Antibiogram for study PRJDB7087, sample SAMD00126528"
ERZ908681,"Antibiogram for study PRJDB7087, sample SAMD00126501"
ERZ908694,"Antibiogram for study PRJDB7087, sample SAMD00126439"
ERZ908695,"Antibiogram for study PRJDB7087, sample SAMD00126393"
ERZ908710,"Antibiogram for study PRJDB7087, sample SAMD00126601"
ERZ908739,"Antibiogram for study PRJDB7087, sample SAMD00126490"
ERZ908767,"Antibiogram for study PRJDB7087, sample SAMD00126553"
ERZ908773,"Antibiogram for study PRJDB7087, sample SAMD00126554"
ERZ908789,"Antibiogram for study PRJDB7087, sample SAMD00126369"
ERZ908799,"Antibiogram for study PRJDB7087, sample SAMD00126450"
ERZ908824,"Antibiogram for study PRJDB7087, sample SAMD00126523"
ERZ908842,"Antibiogram for study PRJDB7087, sample SAMD00126471"
ERZ908857,"Antibiogram for study PRJDB7087, sample SAMD00126473"
ERZ908872,"Antibiogram for study PRJDB7087, sample SAMD00126590"
ERZ908882,"Antibiogram for study PRJDB7087, sample SAMD00126506"