N,Database,Accession,Type
1,ENA,ERR053013,RUN
2,ENA,ERR053015,RUN
3,ENA,ERR053034,RUN
4,ENA,ERR053014,RUN
5,ENA,ERR053033,RUN
6,ENA,ERR053017,RUN
7,ENA,ERR053032,RUN
8,ENA,ERR053016,RUN
9,ENA,ERR053031,RUN
10,ENA,ERR053020,RUN
11,ENA,ERR053029,RUN
12,ENA,ERR053018,RUN
13,ENA,ERR053042,RUN
14,ENA,ERR053027,RUN
15,ENA,ERR053041,RUN
16,ENA,ERR053046,RUN
17,ENA,ERR053026,RUN
18,ENA,ERR053025,RUN
19,ENA,ERR053044,RUN
20,ENA,ERR053024,RUN
21,ENA,ERR053043,RUN
22,ENA,ERR053037,RUN
23,ENA,ERR053008,RUN
24,ENA,ERR053023,RUN
25,ENA,ERR053009,RUN
26,ENA,ERR053036,RUN
27,ENA,ERR053010,RUN
28,ENA,ERR053035,RUN
29,ENA,ERR053021,RUN
30,ENA,ERR053011,RUN
31,ENA,ERR053039,RUN
32,ENA,ERR053022,RUN
33,ENA,ERR053038,RUN
34,ENA,ERR053012,RUN
35,ENA,ERR410034,RUN
36,ENA,ERR410036,RUN
37,ENA,ERR410037,RUN
38,ENA,ERR410038,RUN
39,ENA,ERR410039,RUN
40,ENA,ERR410040,RUN
41,ENA,ERR410041,RUN
42,ENA,ERR410042,RUN
43,ENA,ERR410043,RUN
44,ENA,ERR410044,RUN
45,ENA,ERR410045,RUN
46,ENA,ERR410046,RUN
47,ENA,ERR410048,RUN
48,ENA,ERR410050,RUN
49,ENA,ERR410051,RUN
50,ENA,ERR410052,RUN
51,ENA,ERR410053,RUN
52,ENA,ERR410055,RUN
53,ENA,ERR410056,RUN
54,ENA,ERR410057,RUN
55,ENA,ERR410058,RUN
56,ENA,ERR410059,RUN
57,ENA,ERR410060,RUN
58,ENA,ERR410061,RUN
59,ENA,ERR410062,RUN
60,ENA,ERR410063,RUN
61,ENA,ERR410064,RUN
62,ENA,ERR410065,RUN
63,ENA,ERR410066,RUN
64,ENA,ERR410067,RUN
65,ENA,ERR410068,RUN
66,ENA,ERR410069,RUN
67,ENA,ERR410070,RUN
68,ENA,ERR410071,RUN
69,ENA,ERR410072,RUN
70,ENA,ERR410073,RUN
71,ENA,ERR410075,RUN
72,ENA,ERR410076,RUN
73,ENA,ERR410077,RUN
74,ENA,ERR410079,RUN
75,ENA,ERR410080,RUN
76,ENA,ERR410081,RUN
77,ENA,ERR410082,RUN
78,ENA,ERR410083,RUN
79,ENA,ERR410085,RUN
80,ENA,ERR410086,RUN
81,ENA,ERR410087,RUN
82,ENA,ERR410088,RUN
83,ENA,ERR410089,RUN
84,ENA,ERR410091,RUN
85,ENA,ERR410092,RUN
86,ENA,ERR410093,RUN
87,ENA,ERR410094,RUN
88,ENA,ERR410095,RUN
89,ENA,ERR410096,RUN
90,ENA,ERR410097,RUN
91,ENA,ERR410098,RUN
92,ENA,ERR410099,RUN
93,ENA,ERR410100,RUN
94,ENA,ERR410101,RUN
95,ENA,ERR410103,RUN
96,ENA,ERR410104,RUN
97,ENA,ERR410105,RUN
98,ENA,ERR410106,RUN
99,ENA,ERR410107,RUN
100,ENA,ERR410108,RUN
101,ENA,ERR410109,RUN
102,ENA,ERR410110,RUN
103,ENA,ERR410112,RUN
104,ENA,ERR410113,RUN
105,ENA,ERR410114,RUN
106,ENA,ERR410115,RUN
107,ENA,ERR410116,RUN
108,ENA,ERR410117,RUN
109,ENA,ERR410118,RUN
110,ENA,ERR410119,RUN
111,ENA,ERR410120,RUN
112,ENA,ERR410121,RUN
113,ENA,ERR410123,RUN
114,ENA,ERR410124,RUN
115,ENA,ERR410126,RUN
116,ENA,ERR410127,RUN
117,ENA,ERR410128,RUN
118,ENA,ERR410129,RUN
119,ENA,ERR410130,RUN
120,ENA,ERR410131,RUN
121,ENA,ERR410132,RUN
122,ENA,ERR410133,RUN
123,ENA,ERR410134,RUN
124,ENA,ERR410135,RUN
125,ENA,ERR418318,RUN
126,ENA,ERR418319,RUN
127,ENA,ERR418320,RUN
128,ENA,ERR418322,RUN
129,ENA,ERR418323,RUN
130,ENA,ERR418324,RUN
131,ENA,ERR418326,RUN
132,ENA,ERR418327,RUN
133,ENA,ERR418328,RUN
134,ENA,ERR418329,RUN
135,ENA,ERR418330,RUN
136,ENA,ERR418331,RUN
137,ENA,ERR418332,RUN
138,ENA,ERR418333,RUN
139,ENA,ERR418334,RUN
140,ENA,ERR418335,RUN
141,ENA,ERR418336,RUN
142,ENA,ERR418337,RUN
143,ENA,ERR418338,RUN
144,ENA,ERR418339,RUN
145,ENA,ERR418340,RUN
146,ENA,ERR418341,RUN
147,ENA,ERR418342,RUN
148,ENA,ERR418343,RUN
149,ENA,ERR418344,RUN
150,ENA,ERR418345,RUN
151,ENA,ERR418346,RUN
152,ENA,ERR418347,RUN
153,ENA,ERR418348,RUN
154,ENA,ERR418349,RUN
155,ENA,ERR418350,RUN
156,ENA,ERR418351,RUN
157,ENA,ERR418353,RUN
158,ENA,ERR418354,RUN
159,ENA,ERR418355,RUN
160,ENA,ERR418356,RUN
161,ENA,ERR418357,RUN
162,ENA,ERR418358,RUN
163,ENA,ERR418359,RUN
164,ENA,ERR418361,RUN
165,ENA,ERR418362,RUN
166,ENA,ERR418363,RUN
167,ENA,ERR418364,RUN
168,ENA,ERR418365,RUN
169,ENA,ERR418366,RUN
170,ENA,ERR418367,RUN
171,ENA,ERR418368,RUN
172,ENA,ERR418369,RUN
173,ENA,ERR418370,RUN
174,ENA,ERR418371,RUN
175,ENA,ERR418372,RUN
176,ENA,ERR418373,RUN
177,ENA,ERR418374,RUN
178,ENA,ERR418375,RUN
179,ENA,ERR418376,RUN
180,ENA,ERR418377,RUN
181,ENA,ERR418378,RUN
182,ENA,ERR418380,RUN
183,ENA,ERR418381,RUN
184,ENA,ERR418382,RUN
185,ENA,ERR418383,RUN
186,ENA,ERR418385,RUN
187,ENA,ERR418386,RUN
188,ENA,ERR418387,RUN
189,ENA,ERR418388,RUN
190,ENA,ERR418389,RUN
191,ENA,ERR418390,RUN
192,ENA,ERR418391,RUN
193,ENA,ERR418392,RUN
194,ENA,ERR418393,RUN
195,ENA,ERR418394,RUN
196,ENA,ERR418395,RUN
197,ENA,ERR418396,RUN
198,ENA,ERR418397,RUN
199,ENA,ERR418398,RUN
200,ENA,ERR418399,RUN
201,ENA,ERR418400,RUN
202,ENA,ERR418401,RUN
203,ENA,ERR418402,RUN
204,ENA,ERR418403,RUN
205,ENA,ERR418404,RUN
206,ENA,ERR418405,RUN
207,ENA,ERR418406,RUN
208,ENA,ERR418407,RUN
209,ENA,ERR418408,RUN
210,ENA,ERR418409,RUN
211,ENA,ERR418410,RUN
212,ENA,ERR418413,RUN
213,ENA,ERR418414,RUN
214,ENA,ERR418415,RUN
215,ENA,ERR418416,RUN
216,ENA,ERR418417,RUN
217,ENA,ERR418418,RUN
218,ENA,ERR418419,RUN
219,ENA,ERR418420,RUN
220,ENA,ERR418421,RUN
221,ENA,ERR418423,RUN
222,ENA,ERR418424,RUN
223,ENA,ERR418425,RUN
224,ENA,ERR418426,RUN
225,ENA,ERR418427,RUN
226,ENA,ERR418428,RUN
227,ENA,ERR418429,RUN
228,ENA,ERR418430,RUN
229,ENA,ERR418431,RUN
230,ENA,ERR418432,RUN
231,ENA,ERR418433,RUN
232,ENA,ERR418436,RUN
233,ENA,ERR418437,RUN
234,ENA,ERR418438,RUN
235,ENA,ERR418439,RUN
236,ENA,ERR418440,RUN
237,ENA,ERR418441,RUN
238,ENA,ERR418442,RUN
239,ENA,ERR418443,RUN
240,ENA,ERR418444,RUN
241,ENA,ERR418446,RUN
242,ENA,ERR418447,RUN
243,ENA,ERR418448,RUN
244,ENA,ERR418449,RUN
245,ENA,ERR418450,RUN
246,ENA,ERR418451,RUN
247,ENA,ERR418452,RUN
248,ENA,ERR418453,RUN
249,ENA,ERR418454,RUN
250,ENA,ERR418455,RUN
251,ENA,ERR418456,RUN
252,ENA,ERR418457,RUN
253,ENA,ERR418458,RUN
254,ENA,ERR418459,RUN
255,ENA,ERR418460,RUN
256,ENA,ERR418461,RUN
257,ENA,ERR418462,RUN
258,ENA,ERR418464,RUN
259,ENA,ERR418465,RUN
260,ENA,ERR418466,RUN
261,ENA,ERR418467,RUN
262,ENA,ERR418469,RUN
263,ENA,ERR418470,RUN
264,ENA,ERR418471,RUN
265,ENA,ERR418472,RUN
266,ENA,ERR418473,RUN
267,ENA,ERR418474,RUN
268,ENA,ERR418475,RUN
269,ENA,ERR418476,RUN
270,ENA,ERR418477,RUN
271,ENA,ERR418478,RUN
272,ENA,ERR418479,RUN
273,ENA,ERR418481,RUN
274,ENA,ERR418482,RUN
275,ENA,ERR418484,RUN
276,ENA,ERR418485,RUN
277,ENA,ERR418487,RUN
278,ENA,ERR418488,RUN
279,ENA,ERR418489,RUN
280,ENA,ERR418490,RUN
281,ENA,ERR418491,RUN
282,ENA,ERR418492,RUN
283,ENA,ERR418493,RUN
284,ENA,ERR418494,RUN
285,ENA,ERR418495,RUN
286,ENA,ERR418496,RUN
287,ENA,ERR418497,RUN
288,ENA,ERR418498,RUN
289,ENA,ERR418499,RUN
290,ENA,ERR418501,RUN
291,ENA,ERR418502,RUN
292,ENA,ERR418503,RUN
293,ENA,ERR418504,RUN
294,ENA,ERR418505,RUN
295,ENA,ERR418506,RUN
296,ENA,ERR418507,RUN
297,ENA,ERR418508,RUN
298,ENA,ERR418510,RUN
299,ENA,ERR418511,RUN
300,ENA,ERR418512,RUN
301,ENA,ERR418513,RUN
302,ENA,ERR418515,RUN
303,ENA,ERR418516,RUN
304,ENA,ERR418517,RUN
305,ENA,ERR418518,RUN
306,ENA,ERR418520,RUN
307,ENA,ERR418521,RUN
308,ENA,ERR418522,RUN
309,ENA,ERR418524,RUN
310,ENA,ERR418525,RUN
311,ENA,ERR418526,RUN
312,ENA,ERR418527,RUN
313,ENA,ERR418528,RUN
314,ENA,ERR418529,RUN
315,ENA,ERR418530,RUN
316,ENA,ERR418531,RUN
317,ENA,ERR418532,RUN
318,ENA,ERR418533,RUN
319,ENA,ERR418534,RUN
320,ENA,ERR418535,RUN
321,ENA,ERR418536,RUN
322,ENA,ERR418537,RUN
323,ENA,ERR418538,RUN
324,ENA,ERR418539,RUN
325,ENA,ERR418540,RUN
326,ENA,ERR418541,RUN
327,ENA,ERR418542,RUN
328,ENA,ERR418545,RUN
329,ENA,ERR418546,RUN
330,ENA,ERR418547,RUN
331,ENA,ERR418548,RUN
332,ENA,ERR418549,RUN
333,ENA,ERR418550,RUN
334,ENA,ERR418551,RUN
335,ENA,ERR418552,RUN
336,ENA,ERR418553,RUN
337,ENA,ERR418554,RUN
338,ENA,ERR418555,RUN
339,ENA,ERR418557,RUN
340,ENA,ERR418558,RUN
341,ENA,ERR418559,RUN
342,ENA,ERR418560,RUN
343,ENA,ERR418562,RUN
344,ENA,ERR418563,RUN
345,ENA,ERR418564,RUN
346,ENA,ERR418565,RUN
347,ENA,ERR418567,RUN
348,ENA,ERR418568,RUN
349,ENA,ERR418569,RUN
350,ENA,ERR418570,RUN
351,ENA,ERR418571,RUN
352,ENA,ERR418572,RUN
353,ENA,ERR418573,RUN
354,ENA,ERR418574,RUN
355,ENA,ERR418575,RUN
356,ENA,ERR418576,RUN
357,ENA,ERR418577,RUN
358,ENA,ERR418578,RUN
359,ENA,ERR418579,RUN
360,ENA,ERR418580,RUN
361,ENA,ERR418581,RUN
362,ENA,ERR418582,RUN
363,ENA,ERR418584,RUN
364,ENA,ERR418585,RUN
365,ENA,ERR418586,RUN
366,ENA,ERR418587,RUN
367,ENA,ERR418588,RUN
368,ENA,ERR418589,RUN
369,ENA,ERR418590,RUN
370,ENA,ERR418592,RUN
371,ENA,ERR418593,RUN
372,ENA,ERR418594,RUN
373,ENA,ERR418595,RUN
374,ENA,ERR418596,RUN
375,ENA,ERR418597,RUN
376,ENA,ERR418598,RUN
377,ENA,ERR418599,RUN
378,ENA,ERR418600,RUN
379,ENA,ERR418601,RUN
380,ENA,ERR418603,RUN
381,ENA,ERR418604,RUN
382,ENA,ERR418605,RUN
383,ENA,ERR418606,RUN
384,ENA,ERR418607,RUN
385,ENA,ERR418608,RUN
386,ENA,ERR418609,RUN
387,ENA,ERR418610,RUN
388,ENA,ERR418612,RUN
389,ENA,ERR418613,RUN
390,ENA,ERR418614,RUN
391,ENA,ERR418615,RUN
392,ENA,ERR418616,RUN
393,ENA,ERR418617,RUN
394,ENA,ERR418618,RUN
395,ENA,ERR418619,RUN
396,ENA,ERR418620,RUN
397,ENA,ERR418621,RUN
398,ENA,ERR418622,RUN
399,ENA,ERR418624,RUN
400,ENA,ERR418625,RUN
401,ENA,ERR418626,RUN
402,ENA,ERR418627,RUN
403,ENA,ERR418628,RUN
404,ENA,ERR418629,RUN
405,ENA,ERR418630,RUN
406,ENA,ERR418631,RUN
407,ENA,ERR418632,RUN
408,ENA,ERR418633,RUN
409,ENA,ERR418634,RUN
410,ENA,ERR418635,RUN
411,ENA,ERR418636,RUN
412,ENA,ERR418637,RUN
413,ENA,ERR418638,RUN
414,ENA,ERR418639,RUN
415,ENA,ERR418640,RUN
416,ENA,ERR418641,RUN
417,ENA,ERR418642,RUN
418,ENA,ERR418643,RUN
419,ENA,ERR418644,RUN
420,ENA,ERR418645,RUN
421,ENA,ERR418646,RUN
422,ENA,ERR418648,RUN
423,ENA,ERR418650,RUN
424,ENA,ERR418651,RUN
425,ENA,ERR418652,RUN
426,ENA,ERR418653,RUN
427,ENA,ERR418654,RUN
428,ENA,ERR418655,RUN
429,ENA,ERR418656,RUN
430,ENA,ERR418657,RUN
431,ENA,ERR418659,RUN
432,ENA,ERR418660,RUN
433,ENA,ERR418661,RUN
434,ENA,ERR418662,RUN
435,ENA,ERR418663,RUN
436,ENA,ERR418664,RUN
437,ENA,ERR418665,RUN
438,ENA,ERR418666,RUN
439,ENA,ERR418668,RUN
440,ENA,ERR418669,RUN
441,ENA,ERR418670,RUN
442,ENA,ERR418671,RUN
443,ENA,ERR418672,RUN
444,ENA,ERR418673,RUN
445,ENA,ERR418674,RUN
446,ENA,ERR418675,RUN
447,ENA,ERR418676,RUN
448,ENA,ERR418677,RUN
449,ENA,ERR418678,RUN
450,ENA,ERR418679,RUN
451,ENA,ERR418680,RUN
452,ENA,ERR418683,RUN
453,ENA,ERR418684,RUN
454,ENA,ERR418685,RUN
455,ENA,ERR418686,RUN
456,ENA,ERR418687,RUN
457,ENA,ERR418688,RUN
458,ENA,ERR418689,RUN
459,ENA,ERR418694,RUN
460,ENA,ERR418695,RUN
461,ENA,ERR418696,RUN
462,ENA,ERR418697,RUN
463,ENA,ERR418698,RUN
464,ENA,ERR418699,RUN
465,ENA,ERR418700,RUN
466,ENA,ERR418701,RUN
467,ENA,ERR418702,RUN
468,ENA,ERR418703,RUN
469,ENA,ERR418704,RUN
470,ENA,ERR418705,RUN
471,ENA,ERR418706,RUN
472,ENA,ERR418707,RUN
473,ENA,ERR418708,RUN
474,ENA,ERR418709,RUN
475,ENA,ERR418710,RUN
476,ENA,ERR418711,RUN
477,ENA,ERR418712,RUN
478,ENA,ERR418714,RUN
479,ENA,ERR418715,RUN
480,ENA,ERR418716,RUN
481,ENA,ERR418717,RUN
482,ENA,ERR418718,RUN
483,ENA,ERR418720,RUN
484,ENA,ERR418721,RUN
485,ENA,ERR418722,RUN
486,ENA,ERR418724,RUN
487,ENA,ERR418725,RUN
488,ENA,ERR418726,RUN
489,ENA,ERR418727,RUN
490,ENA,ERR418728,RUN
491,ENA,ERR418731,RUN
492,ENA,ERR418733,RUN
493,ENA,ERR418734,RUN
494,ENA,ERR418735,RUN
495,ENA,ERR418736,RUN
496,ENA,ERR418737,RUN
497,ENA,ERR418738,RUN
498,ENA,ERR418739,RUN
499,ENA,ERR418740,RUN
500,ENA,ERR418742,RUN
501,ENA,ERR418743,RUN
502,ENA,ERR418744,RUN
503,ENA,ERR418745,RUN
504,ENA,ERR418746,RUN
505,ENA,ERR418747,RUN
506,ENA,ERR418748,RUN
507,ENA,ERR418749,RUN
508,ENA,ERR418750,RUN
509,ENA,ERR418751,RUN
510,ENA,ERR418753,RUN
511,ENA,ERR418754,RUN
512,ENA,ERR418755,RUN
513,ENA,ERR418756,RUN
514,ENA,ERR418757,RUN
515,ENA,ERR418758,RUN
516,ENA,ERR418759,RUN
517,ENA,ERR418760,RUN
518,ENA,ERR418761,RUN
519,ENA,ERR418762,RUN
520,ENA,ERR418763,RUN
521,ENA,ERR418764,RUN
522,ENA,ERR418766,RUN
523,ENA,ERR418767,RUN
524,ENA,ERR418768,RUN
525,ENA,ERR418769,RUN
526,ENA,ERR418770,RUN
527,ENA,ERR418771,RUN
528,ENA,ERR418772,RUN
529,ENA,ERR418773,RUN
530,ENA,ERR418774,RUN
531,ENA,ERR418776,RUN
532,ENA,ERR418777,RUN
533,ENA,ERR418778,RUN
534,ENA,ERR418779,RUN
535,ENA,ERR418780,RUN
536,ENA,ERR418782,RUN
537,ENA,ERR418783,RUN
538,ENA,ERR418785,RUN
539,ENA,ERR418786,RUN
540,ENA,ERR418787,RUN
541,ENA,ERR418788,RUN
542,ENA,ERR418789,RUN
543,ENA,ERR418790,RUN
544,ENA,ERR418791,RUN
545,ENA,ERR418793,RUN
546,ENA,ERR418794,RUN
547,ENA,ERR418795,RUN
548,ENA,ERR418796,RUN
549,ENA,ERR418797,RUN
550,ENA,ERR418798,RUN
551,ENA,ERR418799,RUN
552,ENA,ERR418800,RUN
553,ENA,ERR418801,RUN
554,ENA,ERR418803,RUN
555,ENA,ERR418804,RUN
556,ENA,ERR418805,RUN
557,ENA,ERR418806,RUN
558,ENA,ERR418807,RUN
559,ENA,ERR418810,RUN
560,ENA,ERR418811,RUN
561,ENA,ERR418812,RUN
562,ENA,ERR418813,RUN
563,ENA,ERR418814,RUN
564,ENA,ERR418815,RUN
565,ENA,ERR418816,RUN
566,ENA,ERR418817,RUN
567,ENA,ERR418818,RUN
568,ENA,ERR418850,RUN
569,ENA,ERR418851,RUN
570,ENA,ERR418852,RUN
571,ENA,ERR418853,RUN
572,ENA,ERR418854,RUN
573,ENA,ERR418855,RUN
574,ENA,ERR418857,RUN
575,ENA,ERR418858,RUN
576,ENA,ERR418859,RUN
577,ENA,ERR418860,RUN
578,ENA,ERR418861,RUN
579,ENA,ERR418862,RUN
580,ENA,ERR418863,RUN
581,ENA,ERR418864,RUN
582,ENA,ERR418865,RUN
583,ENA,ERR418867,RUN
584,ENA,ERR418869,RUN
585,ENA,ERR418870,RUN
586,ENA,ERR418872,RUN
587,ENA,ERR418873,RUN
588,ENA,ERR418874,RUN
589,ENA,ERR418875,RUN
590,ENA,ERR418876,RUN
591,ENA,ERR418878,RUN
592,ENA,ERR418879,RUN
593,ENA,ERR418880,RUN
594,ENA,ERR418881,RUN
595,ENA,ERR418882,RUN
596,ENA,ERR418883,RUN
597,ENA,ERR418884,RUN
598,ENA,ERR418885,RUN
599,ENA,ERR418886,RUN
600,ENA,ERR418887,RUN
601,ENA,ERR418888,RUN
602,ENA,ERR418889,RUN
603,ENA,ERR418890,RUN
604,ENA,ERR418891,RUN
605,ENA,ERR418892,RUN
606,ENA,ERR418893,RUN
607,ENA,ERR418894,RUN
608,ENA,ERR418895,RUN
609,ENA,ERR418896,RUN
610,ENA,ERR418897,RUN
611,ENA,ERR418898,RUN
612,ENA,ERR418899,RUN
613,ENA,ERR418901,RUN
614,ENA,ERR418902,RUN
615,ENA,ERR418903,RUN
616,ENA,ERR418905,RUN
617,ENA,ERR418906,RUN
618,ENA,ERR418907,RUN
619,ENA,ERR418908,RUN
620,ENA,ERR418909,RUN
621,ENA,ERR418910,RUN
622,ENA,ERR418912,RUN
623,ENA,ERR418913,RUN
624,ENA,ERR418914,RUN
625,ENA,ERR418915,RUN
626,ENA,ERR418916,RUN
627,ENA,ERR418917,RUN
628,ENA,ERR418918,RUN
629,ENA,ERR418919,RUN
630,ENA,ERR418921,RUN
631,ENA,ERR418922,RUN
632,ENA,ERR418923,RUN
633,ENA,ERR418924,RUN
634,ENA,ERR418925,RUN
635,ENA,ERR418926,RUN
636,ENA,ERR418927,RUN
637,ENA,ERR418928,RUN
638,ENA,ERR418929,RUN
639,ENA,ERR418930,RUN
640,ENA,ERR418931,RUN
641,ENA,ERR418934,RUN
642,ENA,ERR418935,RUN
643,ENA,ERR418936,RUN
644,ENA,ERR418937,RUN
645,ENA,ERR418938,RUN
646,ENA,ERR418939,RUN
647,ENA,ERR418940,RUN
648,ENA,ERR418941,RUN
649,ENA,ERR418942,RUN
650,ENA,ERR418943,RUN
651,ENA,ERR418944,RUN
652,ENA,ERR418945,RUN
653,ENA,ERR418946,RUN
654,ENA,ERR418947,RUN
655,ENA,ERR418948,RUN
656,ENA,ERR418949,RUN
657,ENA,ERR418951,RUN
658,ENA,ERR418953,RUN
659,ENA,ERR418954,RUN
660,ENA,ERR418955,RUN
661,ENA,ERR418956,RUN
662,ENA,ERR418957,RUN
663,ENA,ERR418958,RUN
664,ENA,ERR418959,RUN
665,ENA,ERR418960,RUN
666,ENA,ERR418961,RUN
667,ENA,ERR418963,RUN
668,ENA,ERR418964,RUN
669,ENA,ERR418965,RUN
670,ENA,ERR418966,RUN
671,ENA,ERR418967,RUN
672,ENA,ERR418968,RUN
673,ENA,ERR418969,RUN
674,ENA,ERR418970,RUN
675,ENA,ERR418971,RUN
676,ENA,ERR418972,RUN
677,ENA,ERR418973,RUN
678,ENA,ERR418975,RUN
679,ENA,ERR418976,RUN
680,ENA,ERR418977,RUN
681,ENA,ERR418978,RUN
682,ENA,ERR418979,RUN
683,ENA,ERR418980,RUN
684,ENA,ERR418981,RUN
685,ENA,ERR418982,RUN
686,ENA,ERR418983,RUN
687,ENA,ERR418985,RUN
688,ENA,ERR418986,RUN
689,ENA,ERR418987,RUN
690,ENA,ERR418989,RUN
691,ENA,ERR418990,RUN
692,ENA,ERR418991,RUN
693,ENA,ERR418992,RUN
694,ENA,ERR418993,RUN
695,ENA,ERR418995,RUN
696,ENA,ERR418996,RUN
697,ENA,ERR418997,RUN
698,ENA,ERR418998,RUN
699,ENA,ERR418999,RUN
700,ENA,ERR419000,RUN
701,ENA,ERR419001,RUN
702,ENA,ERR419002,RUN
703,ENA,ERR419003,RUN
704,ENA,ERR419004,RUN
705,ENA,ERR419005,RUN
706,ENA,ERR419006,RUN
707,ENA,ERR419007,RUN
708,ENA,ERR419008,RUN
709,ENA,ERR419010,RUN
710,ENA,ERR419011,RUN
711,ENA,ERR419013,RUN
712,ENA,ERR419014,RUN
713,ENA,ERR419015,RUN
714,ENA,ERR419016,RUN
715,ENA,ERR419018,RUN
716,ENA,ERR419019,RUN
717,ENA,ERR419020,RUN
718,ENA,ERR419021,RUN
719,ENA,ERR419022,RUN
720,ENA,ERR419023,RUN
721,ENA,ERR419024,RUN
722,ENA,ERR419025,RUN
723,ENA,ERR419026,RUN
724,ENA,ERR419027,RUN
725,ENA,ERR419028,RUN
726,ENA,ERR419029,RUN
727,ENA,ERR419030,RUN
728,ENA,ERR419031,RUN
729,ENA,ERR419033,RUN
730,ENA,ERR419034,RUN
731,ENA,ERR419035,RUN
732,ENA,ERR419036,RUN
733,ENA,ERR419037,RUN
734,ENA,ERR419039,RUN
735,ENA,ERR419040,RUN
736,ENA,ERR419041,RUN
737,ENA,ERR419042,RUN
738,ENA,ERR419043,RUN
739,ENA,ERR419044,RUN
740,ENA,ERR419045,RUN
741,ENA,ERR419046,RUN
742,ENA,ERR419047,RUN
743,ENA,ERR419049,RUN
744,ENA,ERR419050,RUN
745,ENA,ERR419051,RUN
746,ENA,ERR419052,RUN
747,ENA,ERR419053,RUN
748,ENA,ERR419054,RUN
749,ENA,ERR419055,RUN
750,ENA,ERR419056,RUN
751,ENA,ERR419057,RUN
752,ENA,ERR419058,RUN
753,ENA,ERR419060,RUN
754,ENA,ERR419061,RUN
755,ENA,ERR419062,RUN
756,ENA,ERR419063,RUN
757,ENA,ERR419064,RUN
758,ENA,ERR419065,RUN
759,ENA,ERR419066,RUN
760,ENA,ERR419067,RUN
761,ENA,ERR419068,RUN
762,ENA,ERR419069,RUN
763,ENA,ERR419070,RUN
764,ENA,ERR419071,RUN
765,ENA,ERR419072,RUN
766,ENA,ERR419073,RUN
767,ENA,ERR419074,RUN
768,ENA,ERR419075,RUN
769,ENA,ERR419076,RUN
770,ENA,ERR419077,RUN
771,ENA,ERR419079,RUN
772,ENA,ERR419080,RUN
773,ENA,ERR419081,RUN
774,ENA,ERR419083,RUN
775,ENA,ERR419084,RUN
776,ENA,ERR419085,RUN
777,ENA,ERR419086,RUN
778,ENA,ERR419087,RUN
779,ENA,ERR419088,RUN
780,ENA,ERR419089,RUN
781,ENA,ERR419090,RUN
782,ENA,ERR419091,RUN
783,ENA,ERR419092,RUN
784,ENA,ERR419093,RUN
785,ENA,ERR419094,RUN
786,ENA,ERR419095,RUN
787,ENA,ERR419096,RUN
788,ENA,ERR419097,RUN
789,ENA,ERR419099,RUN
790,ENA,ERR419100,RUN
791,ENA,ERR419101,RUN
792,ENA,ERR419102,RUN
793,ENA,ERR419104,RUN
794,ENA,ERR419105,RUN
795,ENA,ERR419106,RUN
796,ENA,ERR419107,RUN
797,ENA,ERR419108,RUN
798,ENA,ERR419109,RUN
799,ENA,ERR419110,RUN
800,ENA,ERR419111,RUN
801,ENA,ERR419112,RUN
802,ENA,ERR419113,RUN
803,ENA,ERR419114,RUN
804,ENA,ERR419115,RUN
805,ENA,ERR419116,RUN
806,ENA,ERR419118,RUN
807,ENA,ERR419120,RUN
808,ENA,ERR419121,RUN
809,ENA,ERR419122,RUN
810,ENA,ERR419123,RUN
811,ENA,ERR419124,RUN
812,ENA,ERR419125,RUN
813,ENA,ERR419126,RUN
814,ENA,ERR419127,RUN
815,ENA,ERR419128,RUN
816,ENA,ERR419129,RUN
817,ENA,ERR419130,RUN
818,ENA,ERR419132,RUN
819,ENA,ERR419133,RUN
820,ENA,ERR419134,RUN
821,ENA,ERR419135,RUN
822,ENA,ERR419136,RUN
823,ENA,ERR419137,RUN
824,ENA,ERR419138,RUN
825,ENA,ERR419139,RUN
826,ENA,ERR419140,RUN
827,ENA,ERR419141,RUN
828,ENA,ERR419142,RUN
829,ENA,ERR419143,RUN
830,ENA,ERR419144,RUN
831,ENA,ERR419145,RUN
832,ENA,ERR419146,RUN
833,ENA,ERR419147,RUN
834,ENA,ERR419149,RUN
835,ENA,ERR419150,RUN
836,ENA,ERR419151,RUN
837,ENA,ERR419152,RUN
838,ENA,ERR419153,RUN
839,ENA,ERR419154,RUN
840,ENA,ERR419156,RUN
841,ENA,ERR419157,RUN
842,ENA,ERR419159,RUN
843,ENA,ERR419160,RUN
844,ENA,ERR419161,RUN
845,ENA,ERR419162,RUN
846,ENA,ERR419163,RUN
847,ENA,ERR419164,RUN
848,ENA,ERR419165,RUN
849,ENA,ERR419166,RUN
850,ENA,ERR419167,RUN
851,ENA,ERR419168,RUN
852,ENA,ERR419169,RUN
853,ENA,ERR419170,RUN
854,ENA,ERR419171,RUN
855,ENA,ERR419173,RUN
856,ENA,ERR419174,RUN
857,ENA,ERR419175,RUN
858,ENA,ERR419176,RUN
859,ENA,ERR419177,RUN
860,ENA,ERR419179,RUN
861,ENA,ERR419180,RUN
862,ENA,ERR419181,RUN
863,ENA,ERR419182,RUN
864,ENA,ERR419183,RUN
865,ENA,ERR419184,RUN
866,ENA,ERR419185,RUN
867,ENA,ERR419186,RUN
868,ENA,ERR419187,RUN
869,ENA,ERR419190,RUN
870,ENA,ERR419191,RUN
871,ENA,ERR419192,RUN
872,ENA,ERR419193,RUN
873,ENA,ERR419194,RUN
874,ENA,ERR419195,RUN
875,ENA,ERR419196,RUN
876,ENA,ERR419197,RUN
877,ENA,ERR419199,RUN
878,ENA,ERR419201,RUN
879,ENA,ERR419202,RUN
880,ENA,ERR419203,RUN
881,ENA,ERR419204,RUN
882,ENA,ERR419205,RUN
883,ENA,ERR419206,RUN
884,ENA,ERR419207,RUN
885,ENA,ERR419208,RUN
886,ENA,ERR419209,RUN
887,ENA,ERR419210,RUN
888,ENA,ERR419211,RUN
889,ENA,ERR419212,RUN
890,ENA,ERR419213,RUN
891,ENA,ERR419214,RUN
892,ENA,ERR419215,RUN
893,ENA,ERR419216,RUN
894,ENA,ERR419217,RUN
895,ENA,ERR419218,RUN
896,ENA,ERR419219,RUN
897,ENA,ERR419221,RUN
898,ENA,ERR419222,RUN
899,ENA,ERR419224,RUN
900,ENA,ERR419225,RUN
901,ENA,ERR419226,RUN
902,ENA,ERR419227,RUN
903,ENA,ERR419228,RUN
904,ENA,ERR419229,RUN
905,ENA,ERR419231,RUN
906,ENA,ERR419232,RUN
907,ENA,ERR419233,RUN
908,ENA,ERR419234,RUN
909,ENA,ERR419235,RUN
910,ENA,ERR419236,RUN
911,ENA,ERR419237,RUN
912,ENA,ERR419238,RUN
913,ENA,ERR419239,RUN
914,ENA,ERR419241,RUN
915,ENA,ERR1069910,RUN
916,ENA,ERR1069911,RUN
917,ENA,ERR1069912,RUN
918,ENA,ERR1069913,RUN
919,ENA,ERR1069914,RUN
920,ENA,ERR1069915,RUN
921,ENA,ERR1069916,RUN
922,ENA,ERR1069918,RUN
923,ENA,ERR1069920,RUN
924,ENA,ERR1069921,RUN
925,ENA,ERR1069922,RUN
926,ENA,ERR1069923,RUN
927,ENA,ERR1069924,RUN
928,ENA,ERR1069925,RUN
929,ENA,ERR1069927,RUN
930,ENA,ERR1069928,RUN
931,ENA,ERR1069929,RUN
932,ENA,ERR1069930,RUN
933,ENA,ERR1069931,RUN
934,ENA,ERR1069932,RUN
935,ENA,ERR1069933,RUN
936,ENA,ERR1069935,RUN
937,ENA,ERR1069936,RUN
938,ENA,ERR1069937,RUN
939,ENA,ERR1069938,RUN
940,ENA,ERR1069939,RUN
941,ENA,ERR1069940,RUN
942,ENA,ERR1069941,RUN
943,ENA,ERR1069942,RUN
944,ENA,ERR1069944,RUN
945,ENA,ERR1069945,RUN
946,ENA,ERR1069946,RUN
947,ENA,ERR1069947,RUN
948,ENA,ERR1069948,RUN
949,ENA,ERR1069949,RUN
950,ENA,ERR1069950,RUN
951,ENA,ERR1069951,RUN
952,ENA,ERR1069952,RUN
953,ENA,ERR1069953,RUN
954,ENA,ERR1069954,RUN
955,ENA,ERR1069955,RUN
956,ENA,ERR1069956,RUN
957,ENA,ERR1069957,RUN
958,ENA,ERR1069958,RUN
959,ENA,ERR1069969,RUN
960,ENA,ERR1069970,RUN
961,ENA,ERR1069971,RUN
962,ENA,ERR1069972,RUN
963,ENA,ERR1069973,RUN
964,ENA,ERR1069974,RUN
965,ENA,ERR1069975,RUN
966,ENA,ERR1069976,RUN
967,ENA,ERR1069978,RUN
968,ENA,ERR1069979,RUN
969,ENA,ERR1069981,RUN
970,ENA,ERR1069982,RUN
971,ENA,ERR1069983,RUN
972,ENA,ERR1069985,RUN
973,ENA,ERR1069986,RUN
974,ENA,ERR1069987,RUN
975,ENA,ERR1069988,RUN
976,ENA,ERR1069989,RUN
977,ENA,ERR1069990,RUN
978,ENA,ERR1069991,RUN
979,ENA,ERR1069992,RUN
980,ENA,ERR1069993,RUN
981,ENA,ERR1069994,RUN
982,ENA,ERR1069995,RUN
983,ENA,ERR1069997,RUN
984,ENA,ERR1069998,RUN
985,ENA,ERR1069999,RUN
986,ENA,ERR1070000,RUN
987,ENA,ERR1070001,RUN
988,ENA,ERR1070002,RUN
989,ENA,ERR1070003,RUN
990,ENA,ERR1070004,RUN
991,ENA,ERR1070005,RUN
992,ENA,ERR1070006,RUN
993,ENA,ERR1070007,RUN
994,ENA,ERR1070008,RUN
995,ENA,ERR1070009,RUN
996,ENA,ERR1070010,RUN
997,ENA,ERR1070011,RUN
998,ENA,ERR1070012,RUN
999,ENA,ERR1070013,RUN
1000,ENA,ERR1070015,RUN
1001,ENA,ERR1070016,RUN
1002,ENA,ERR1070018,RUN
1003,ENA,ERR1070019,RUN
1004,ENA,ERR1070020,RUN
1005,ENA,ERR1070021,RUN
1006,ENA,ERR1070022,RUN
1007,ENA,ERR1070023,RUN
1008,ENA,ERR1070026,RUN
1009,ENA,ERR1070027,RUN
1010,ENA,ERR1070028,RUN
1011,ENA,ERR1070029,RUN
1012,ENA,ERR1070030,RUN
1013,ENA,ERR1070031,RUN
1014,ENA,ERR1070032,RUN
1015,ENA,ERR1070033,RUN
1016,ENA,ERR1070035,RUN
1017,ENA,ERR1070036,RUN
1018,ENA,ERR1070037,RUN
1019,ENA,ERR1070038,RUN
1020,ENA,ERR1070039,RUN
1021,ENA,ERR1070040,RUN
1022,ENA,ERR1070042,RUN
1023,ENA,ERR1070043,RUN
1024,ENA,ERR1070044,RUN
1025,ENA,ERR1070045,RUN
1026,ENA,ERR1070046,RUN
1027,ENA,ERR1070047,RUN
1028,ENA,ERR1070048,RUN
1029,ENA,ERR1070049,RUN
1030,ENA,ERR1070050,RUN
1031,ENA,ERR1070051,RUN
1032,ENA,ERR1070052,RUN
1033,ENA,ERR1070053,RUN
1034,ENA,ERR1070054,RUN
1035,ENA,ERR1070055,RUN
1036,ENA,ERR1070056,RUN
1037,ENA,ERR1069823,RUN
1038,ENA,ERR1069824,RUN
1039,ENA,ERR1069825,RUN
1040,ENA,ERR1069826,RUN
1041,ENA,ERR1069827,RUN
1042,ENA,ERR1069828,RUN
1043,ENA,ERR1069829,RUN
1044,ENA,ERR1069830,RUN
1045,ENA,ERR1069831,RUN
1046,ENA,ERR1069832,RUN
1047,ENA,ERR1069833,RUN
1048,ENA,ERR1069834,RUN
1049,ENA,ERR1069835,RUN
1050,ENA,ERR1069836,RUN
1051,ENA,ERR1069837,RUN
1052,ENA,ERR1069839,RUN
1053,ENA,ERR1069840,RUN
1054,ENA,ERR1069842,RUN
1055,ENA,ERR1069843,RUN
1056,ENA,ERR1069844,RUN
1057,ENA,ERR1069845,RUN
1058,ENA,ERR1069847,RUN
1059,ENA,ERR1069848,RUN
1060,ENA,ERR1069849,RUN
1061,ENA,ERR1069850,RUN
1062,ENA,ERR1069851,RUN
1063,ENA,ERR1069852,RUN
1064,ENA,ERR1069853,RUN
1065,ENA,ERR1069854,RUN
1066,ENA,ERR1069855,RUN
1067,ENA,ERR1069856,RUN
1068,ENA,ERR1069857,RUN
1069,ENA,ERR1069858,RUN
1070,ENA,ERR1069859,RUN
1071,ENA,ERR1069860,RUN
1072,ENA,ERR1069862,RUN
1073,ENA,ERR1069863,RUN
1074,ENA,ERR1069864,RUN
1075,ENA,ERR1069865,RUN
1076,ENA,ERR1069866,RUN
1077,ENA,ERR1069867,RUN
1078,ENA,ERR1069868,RUN
1079,ENA,ERR1069869,RUN
1080,ENA,ERR1069870,RUN
1081,ENA,ERR1069872,RUN
1082,ENA,ERR1069873,RUN
1083,ENA,ERR1069874,RUN
1084,ENA,ERR1069875,RUN
1085,ENA,ERR1069876,RUN
1086,ENA,ERR1069877,RUN
1087,ENA,ERR1069879,RUN
1088,ENA,ERR1069881,RUN
1089,ENA,ERR1069882,RUN
1090,ENA,ERR1069883,RUN
1091,ENA,ERR1069884,RUN
1092,ENA,ERR1069885,RUN
1093,ENA,ERR1069886,RUN
1094,ENA,ERR1069887,RUN
1095,ENA,ERR1069888,RUN
1096,ENA,ERR1069889,RUN
1097,ENA,ERR1069890,RUN
1098,ENA,ERR1069891,RUN
1099,ENA,ERR1069892,RUN
1100,ENA,ERR1069893,RUN
1101,ENA,ERR1069895,RUN
1102,ENA,ERR1069896,RUN
1103,ENA,ERR1069897,RUN
1104,ENA,ERR1069898,RUN
1105,ENA,ERR1069899,RUN
1106,ENA,ERR1069900,RUN
1107,ENA,ERR1069901,RUN
1108,ENA,ERR1069902,RUN
1109,ENA,ERR1069903,RUN
1110,ENA,ERR1069904,RUN
1111,ENA,ERR1069905,RUN
1112,ENA,ERR1069907,RUN
1113,ENA,ERR1069908,RUN
1114,ENA,ERR1069909,RUN
1115,ENA,ERR1070058,RUN
1116,ENA,ERR1070059,RUN
1117,ENA,ERR1070060,RUN
1118,ENA,ERR1070061,RUN
1119,ENA,ERR1070062,RUN
1120,ENA,ERR1070063,RUN
1121,ENA,ERR1070064,RUN
1122,ENA,ERR1070066,RUN
1123,ENA,ERR1070067,RUN
1124,ENA,ERR1070068,RUN
1125,ENA,ERR1070069,RUN
1126,ENA,ERR1070103,RUN
1127,ENA,ERR1070104,RUN
1128,ENA,ERR1070105,RUN
1129,ENA,ERR1070106,RUN
1130,ENA,ERR1070109,RUN
1131,ENA,ERR1069959,RUN
1132,ENA,ERR1069960,RUN
1133,ENA,ERR1069961,RUN
1134,ENA,ERR1069962,RUN
1135,ENA,ERR1069963,RUN
1136,ENA,ERR1069964,RUN
1137,ENA,ERR1069965,RUN
1138,ENA,ERR1069966,RUN
1139,ENA,ERR1069967,RUN
1140,ENA,ERR1069968,RUN
1141,ENA,ERR030145,RUN
1142,ENA,ERR030157,RUN
1143,ENA,ERR030145,RUN
1144,ENA,ERR030156,RUN
1145,ENA,ERR030145,RUN
1146,ENA,ERR030148,RUN
1147,ENA,ERR030145,RUN
1148,ENA,ERR030147,RUN
1149,ENA,ERR030158,RUN
1150,ENA,ERR030159,RUN
1151,ENA,ERR030145,RUN
1152,ENA,ERR030149,RUN
1153,ENA,ERR030158,RUN
1154,ENA,ERR030166,RUN
1155,ENA,ERR030158,RUN
1156,ENA,ERR030163,RUN
1157,ENA,ERR030158,RUN
1158,ENA,ERR030168,RUN
1159,ENA,ERR030158,RUN
1160,ENA,ERR030167,RUN
1161,ENA,ERR029354,RUN
1162,ENA,ERR029365,RUN
1163,ENA,ERR029354,RUN
1164,ENA,ERR029366,RUN
1165,ENA,ERR029367,RUN
1166,ENA,ERR029368,RUN
1167,ENA,ERR029367,RUN
1168,ENA,ERR029372,RUN
1169,ENA,ERR029354,RUN
1170,ENA,ERR029360,RUN
1171,ENA,ERR029354,RUN
1172,ENA,ERR029361,RUN
1173,ENA,ERR029354,RUN
1174,ENA,ERR029355,RUN
1175,ENA,ERR030258,RUN
1176,ENA,ERR030268,RUN
1177,ENA,ERR030258,RUN
1178,ENA,ERR030269,RUN
1179,ENA,ERR029354,RUN
1180,ENA,ERR029356,RUN
1181,ENA,ERR029354,RUN
1182,ENA,ERR029357,RUN
1183,ENA,ERR030184,RUN
1184,ENA,ERR030193,RUN
1185,ENA,ERR030184,RUN
1186,ENA,ERR030194,RUN
1187,ENA,ERR030184,RUN
1188,ENA,ERR030195,RUN
1189,ENA,ERR030184,RUN
1190,ENA,ERR030196,RUN
1191,ENA,ERR030184,RUN
1192,ENA,ERR030189,RUN
1193,ENA,ERR030184,RUN
1194,ENA,ERR030190,RUN
1195,ENA,ERR030184,RUN
1196,ENA,ERR030191,RUN
1197,ENA,ERR030184,RUN
1198,ENA,ERR030192,RUN
1199,ENA,ERR030184,RUN
1200,ENA,ERR030186,RUN
1201,ENA,ERR030171,RUN
1202,ENA,ERR030172,RUN
1203,ENA,ERR030158,RUN
1204,ENA,ERR030170,RUN
1205,ENA,ERR030158,RUN
1206,ENA,ERR030160,RUN
1207,ENA,ERR030171,RUN
1208,ENA,ERR030176,RUN
1209,ENA,ERR030171,RUN
1210,ENA,ERR030177,RUN
1211,ENA,ERR030158,RUN
1212,ENA,ERR030161,RUN
1213,ENA,ERR030158,RUN
1214,ENA,ERR030162,RUN
1215,ENA,ERR030246,RUN
1216,ENA,ERR030252,RUN
1217,ENA,ERR030246,RUN
1218,ENA,ERR030251,RUN
1219,ENA,ERR030258,RUN
1220,ENA,ERR030263,RUN
1221,ENA,ERR030246,RUN
1222,ENA,ERR030253,RUN
1223,ENA,ERR030246,RUN
1224,ENA,ERR030254,RUN
1225,ENA,ERR030234,RUN
1226,ENA,ERR030244,RUN
1227,ENA,ERR030246,RUN
1228,ENA,ERR030257,RUN
1229,ENA,ERR030246,RUN
1230,ENA,ERR030255,RUN
1231,ENA,ERR030246,RUN
1232,ENA,ERR030248,RUN
1233,ENA,ERR030258,RUN
1234,ENA,ERR030264,RUN
1235,ENA,ERR030258,RUN
1236,ENA,ERR030259,RUN
1237,ENA,ERR030258,RUN
1238,ENA,ERR030262,RUN
1239,ENA,ERR030258,RUN
1240,ENA,ERR030261,RUN
1241,ENA,ERR030258,RUN
1242,ENA,ERR030265,RUN
1243,ENA,ERR030258,RUN
1244,ENA,ERR030266,RUN
1245,ENA,ERR029380,RUN
1246,ENA,ERR029389,RUN
1247,ENA,ERR030145,RUN
1248,ENA,ERR030146,RUN
1249,ENA,ERR029380,RUN
1250,ENA,ERR029387,RUN
1251,ENA,ERR029380,RUN
1252,ENA,ERR029386,RUN
1253,ENA,ERR029380,RUN
1254,ENA,ERR029385,RUN
1255,ENA,ERR029380,RUN
1256,ENA,ERR029381,RUN
1257,ENA,ERR029367,RUN
1258,ENA,ERR029371,RUN
1259,ENA,ERR029354,RUN
1260,ENA,ERR029359,RUN
1261,ENA,ERR029380,RUN
1262,ENA,ERR029391,RUN
1263,ENA,ERR029380,RUN
1264,ENA,ERR029390,RUN
1265,ENA,ERR030234,RUN
1266,ENA,ERR030237,RUN
1267,ENA,ERR030234,RUN
1268,ENA,ERR030243,RUN
1269,ENA,ERR030234,RUN
1270,ENA,ERR030245,RUN
1271,ENA,ERR030234,RUN
1272,ENA,ERR030241,RUN
1273,ENA,ERR030234,RUN
1274,ENA,ERR030242,RUN
1275,ENA,ERR029456,RUN
1276,ENA,ERR029465,RUN
1277,ENA,ERR029456,RUN
1278,ENA,ERR029464,RUN
1279,ENA,ERR029456,RUN
1280,ENA,ERR029463,RUN
1281,ENA,ERR029456,RUN
1282,ENA,ERR029462,RUN
1283,ENA,ERR029456,RUN
1284,ENA,ERR029461,RUN
1285,ENA,ERR029456,RUN
1286,ENA,ERR029460,RUN
1287,ENA,ERR030210,RUN
1288,ENA,ERR030213,RUN
1289,ENA,ERR030210,RUN
1290,ENA,ERR030212,RUN
1291,ENA,ERR030210,RUN
1292,ENA,ERR030221,RUN
1293,ENA,ERR030210,RUN
1294,ENA,ERR030220,RUN
1295,ENA,ERR030234,RUN
1296,ENA,ERR030239,RUN
1297,ENA,ERR030234,RUN
1298,ENA,ERR030238,RUN
1299,ENA,ERR030222,RUN
1300,ENA,ERR030232,RUN
1301,ENA,ERR030222,RUN
1302,ENA,ERR030231,RUN
1303,ENA,ERR030222,RUN
1304,ENA,ERR030227,RUN
1305,ENA,ERR030234,RUN
1306,ENA,ERR030235,RUN
1307,ENA,ERR030222,RUN
1308,ENA,ERR030225,RUN
1309,ENA,ERR030222,RUN
1310,ENA,ERR030224,RUN
1311,ENA,ERR030222,RUN
1312,ENA,ERR030233,RUN
1313,ENA,ERR029456,RUN
1314,ENA,ERR029457,RUN
1315,ENA,ERR029456,RUN
1316,ENA,ERR029458,RUN
1317,ENA,ERR029456,RUN
1318,ENA,ERR029459,RUN
1319,ENA,ERR029468,RUN
1320,ENA,ERR029469,RUN
1321,ENA,ERR029468,RUN
1322,ENA,ERR029472,RUN
1323,ENA,ERR029468,RUN
1324,ENA,ERR029473,RUN
1325,ENA,ERR029456,RUN
1326,ENA,ERR029466,RUN
1327,ENA,ERR029468,RUN
1328,ENA,ERR029477,RUN
1329,ENA,ERR029468,RUN
1330,ENA,ERR029478,RUN
1331,ENA,ERR030222,RUN
1332,ENA,ERR030223,RUN
1333,ENA,ERR030222,RUN
1334,ENA,ERR030226,RUN
1335,ENA,ERR030222,RUN
1336,ENA,ERR030228,RUN
1337,ENA,ERR030222,RUN
1338,ENA,ERR030229,RUN
1339,ENA,ERR029468,RUN
1340,ENA,ERR029471,RUN
1341,ENA,ERR029468,RUN
1342,ENA,ERR029479,RUN
1343,ENA,ERR029468,RUN
1344,ENA,ERR029475,RUN
1345,ENA,ERR029468,RUN
1346,ENA,ERR029476,RUN
1347,ENA,ERR030270,RUN
1348,ENA,ERR030276,RUN
1349,ENA,ERR030258,RUN
1350,ENA,ERR030267,RUN
1351,ENA,ERR030270,RUN
1352,ENA,ERR030275,RUN
1353,ENA,ERR030145,RUN
1354,ENA,ERR030154,RUN
1355,ENA,ERR030145,RUN
1356,ENA,ERR030155,RUN
1357,ENA,ERR029380,RUN
1358,ENA,ERR029392,RUN
1359,ENA,ERR029380,RUN
1360,ENA,ERR029383,RUN
1361,ENA,ERR030145,RUN
1362,ENA,ERR030150,RUN
1363,ENA,ERR030145,RUN
1364,ENA,ERR030151,RUN
1365,ENA,ERR030145,RUN
1366,ENA,ERR030153,RUN
1367,ENA,ERR029354,RUN
1368,ENA,ERR029362,RUN
1369,ENA,ERR029341,RUN
1370,ENA,ERR029352,RUN
1371,ENA,ERR029341,RUN
1372,ENA,ERR029351,RUN
1373,ENA,ERR029341,RUN
1374,ENA,ERR029350,RUN
1375,ENA,ERR029341,RUN
1376,ENA,ERR029349,RUN
1377,ENA,ERR029341,RUN
1378,ENA,ERR029343,RUN
1379,ENA,ERR029354,RUN
1380,ENA,ERR029364,RUN
1381,ENA,ERR029354,RUN
1382,ENA,ERR029363,RUN
1383,ENA,ERR030270,RUN
1384,ENA,ERR030272,RUN
1385,ENA,ERR031661,RUN
1386,ENA,ERR031664,RUN
1387,ENA,ERR030246,RUN
1388,ENA,ERR030250,RUN
1389,ENA,ERR030197,RUN
1390,ENA,ERR030209,RUN
1391,ENA,ERR030197,RUN
1392,ENA,ERR030205,RUN
1393,ENA,ERR030197,RUN
1394,ENA,ERR030204,RUN
1395,ENA,ERR030197,RUN
1396,ENA,ERR030203,RUN
1397,ENA,ERR030197,RUN
1398,ENA,ERR030202,RUN
1399,ENA,ERR030184,RUN
1400,ENA,ERR030188,RUN
1401,ENA,ERR030184,RUN
1402,ENA,ERR030187,RUN
1403,ENA,ERR031661,RUN
1404,ENA,ERR031672,RUN
1405,ENA,ERR031661,RUN
1406,ENA,ERR031668,RUN
1407,ENA,ERR031661,RUN
1408,ENA,ERR031669,RUN
1409,ENA,ERR030270,RUN
1410,ENA,ERR030279,RUN
1411,ENA,ERR031661,RUN
1412,ENA,ERR031665,RUN
1413,ENA,ERR031661,RUN
1414,ENA,ERR031666,RUN
1415,ENA,ERR031661,RUN
1416,ENA,ERR031670,RUN
1417,ENA,ERR031661,RUN
1418,ENA,ERR031671,RUN
1419,ENA,ERR029341,RUN
1420,ENA,ERR029348,RUN
1421,ENA,ERR030246,RUN
1422,ENA,ERR030247,RUN
1423,ENA,ERR030210,RUN
1424,ENA,ERR030219,RUN
1425,ENA,ERR030210,RUN
1426,ENA,ERR030216,RUN
1427,ENA,ERR030210,RUN
1428,ENA,ERR030217,RUN
1429,ENA,ERR030210,RUN
1430,ENA,ERR030214,RUN
1431,ENA,ERR030210,RUN
1432,ENA,ERR030215,RUN
1433,ENA,ERR030197,RUN
1434,ENA,ERR030201,RUN
1435,ENA,ERR030210,RUN
1436,ENA,ERR030211,RUN
1437,ENA,ERR030197,RUN
1438,ENA,ERR030208,RUN
1439,ENA,ERR030197,RUN
1440,ENA,ERR030200,RUN
1441,ENA,ERR029367,RUN
1442,ENA,ERR029376,RUN
1443,ENA,ERR029367,RUN
1444,ENA,ERR029375,RUN
1445,ENA,ERR029367,RUN
1446,ENA,ERR029378,RUN
1447,ENA,ERR029367,RUN
1448,ENA,ERR029377,RUN
1449,ENA,ERR029367,RUN
1450,ENA,ERR029379,RUN
1451,ENA,ERR029354,RUN
1452,ENA,ERR029358,RUN
1453,ENA,ERR029367,RUN
1454,ENA,ERR029374,RUN
1455,ENA,ERR029367,RUN
1456,ENA,ERR029373,RUN
1457,ENA,ERR030270,RUN
1458,ENA,ERR030281,RUN
1459,ENA,ERR030270,RUN
1460,ENA,ERR030280,RUN
1461,ENA,ERR030270,RUN
1462,ENA,ERR030278,RUN
1463,ENA,ERR030270,RUN
1464,ENA,ERR030277,RUN
1465,ENA,ERR029367,RUN
1466,ENA,ERR029369,RUN
1467,ENA,ERR029380,RUN
1468,ENA,ERR029388,RUN
1469,ENA,ERR030270,RUN
1470,ENA,ERR030271,RUN
1471,ENA,ERR030171,RUN
1472,ENA,ERR030179,RUN
1473,ENA,ERR030171,RUN
1474,ENA,ERR030178,RUN
1475,ENA,ERR030171,RUN
1476,ENA,ERR030183,RUN
1477,ENA,ERR030171,RUN
1478,ENA,ERR030174,RUN
1479,ENA,ERR030171,RUN
1480,ENA,ERR030173,RUN
1481,ENA,ERR030171,RUN
1482,ENA,ERR030182,RUN
1483,ENA,ERR030171,RUN
1484,ENA,ERR030181,RUN
1485,ENA,ERR030184,RUN
1486,ENA,ERR030185,RUN
1487,ENA,ERR030171,RUN
1488,ENA,ERR030175,RUN
1489,ENA,ERR029341,RUN
1490,ENA,ERR029342,RUN
1491,ENA,ERR029341,RUN
1492,ENA,ERR029346,RUN
1493,ENA,ERR029341,RUN
1494,ENA,ERR029347,RUN
1495,NCBI,SRR073398,RUN
1496,NCBI,SRR073399,RUN
1497,NCBI,SRR073400,RUN
1498,NCBI,SRR073401,RUN
1499,NCBI,SRR073412,RUN
1500,NCBI,SRR073413,RUN
1501,NCBI,SRR073414,RUN
1502,NCBI,SRR073415,RUN
1503,NCBI,SRR073418,RUN
1504,NCBI,SRR073419,RUN
1505,NCBI,SRR073424,RUN
1506,NCBI,SRR090341,RUN
1507,NCBI,SRR090342,RUN
1508,NCBI,SRR090343,RUN
1509,NCBI,SRR090344,RUN
1510,NCBI,SRR090349,RUN
1511,NCBI,SRR090350,RUN
1512,NCBI,SRR090351,RUN
1513,NCBI,SRR090352,RUN
1514,NCBI,SRR090353,RUN
1515,NCBI,SRR090354,RUN
1516,NCBI,SRR1290878,RUN
1517,NCBI,SRR1290866,RUN
1518,NCBI,SRR1303550,RUN
1519,NCBI,SRR1303274,RUN
1520,NCBI,SRR1290881,RUN
1521,NCBI,SRR1303432,RUN
1522,NCBI,SRR1290898,RUN
1523,NCBI,SRR1303431,RUN
1524,NCBI,SRR1303638,RUN
1525,NCBI,SRR1303581,RUN
1526,NCBI,SRR1303297,RUN
1527,NCBI,SRR1290886,RUN
1528,NCBI,SRR1303266,RUN
1529,NCBI,SRR1290869,RUN
1530,NCBI,SRR1303388,RUN
1531,NCBI,SRR1303627,RUN
1532,NCBI,SRR1326974,RUN
1533,NCBI,SRR1346367,RUN
1534,NCBI,SRR1300909,RUN
1535,NCBI,SRR1303633,RUN
1536,NCBI,SRR1218654,RUN
1537,NCBI,SRR1300908,RUN
1538,NCBI,SRR1290874,RUN
1539,NCBI,SRR1290888,RUN
1540,NCBI,SRR1303429,RUN
1541,NCBI,SRR1290901,RUN
1542,NCBI,SRR1218675,RUN
1543,NCBI,SRR1303488,RUN
1544,NCBI,SRR1303265,RUN
1545,NCBI,SRR1290863,RUN
1546,NCBI,SRR1290876,RUN
1547,NCBI,SRR1290897,RUN
1548,NCBI,SRR1303272,RUN
1549,NCBI,SRR1303291,RUN
1550,NCBI,SRR1290896,RUN
1551,NCBI,SRR1302895,RUN
1552,NCBI,SRR1303389,RUN
1553,NCBI,SRR1303243,RUN
1554,NCBI,SRR1290883,RUN
1555,NCBI,SRR1303294,RUN
1556,NCBI,SRR1303495,RUN
1557,NCBI,SRR1302920,RUN
1558,NCBI,SRR1290891,RUN
1559,NCBI,SRR1290862,RUN
1560,NCBI,SRR1290890,RUN
1561,NCBI,SRR1303562,RUN
1562,NCBI,SRR1303414,RUN
1563,NCBI,SRR1303420,RUN
1564,NCBI,SRR1290937,RUN
1565,NCBI,SRR1218545,RUN
1566,NCBI,SRR1303276,RUN
1567,NCBI,SRR1290884,RUN
1568,NCBI,SRR1290885,RUN
1569,NCBI,SRR1290880,RUN
1570,NCBI,SRR1303269,RUN
1571,NCBI,SRR1290887,RUN
1572,NCBI,SRR1290879,RUN
1573,NCBI,SRR1290900,RUN
1574,NCBI,SRR1290918,RUN
1575,NCBI,SRR1252011,RUN
1576,NCBI,SRR1303433,RUN
1577,NCBI,SRR1290871,RUN
1578,NCBI,SRR1290924,RUN
1579,NCBI,SRR1290882,RUN
1580,NCBI,SRR1303240,RUN
1581,NCBI,SRR1252010,RUN
1582,NCBI,SRR1303234,RUN
1583,NCBI,SRR1303536,RUN
1584,NCBI,SRR1290909,RUN
1585,NCBI,SRR1290870,RUN
1586,NCBI,SRR1290923,RUN
1587,NCBI,SRR1303288,RUN
1588,NCBI,SRR1293419,RUN
1589,NCBI,SRR1303273,RUN
1590,NCBI,SRR1302888,RUN
1591,NCBI,SRR1218543,RUN
1592,NCBI,SRR1218633,RUN
1593,NCBI,SRR1218663,RUN
1594,NCBI,SRR1218554,RUN
1595,NCBI,SRR1300903,RUN
1596,NCBI,SRR1302915,RUN
1597,NCBI,SRR1303423,RUN
1598,NCBI,SRR1303238,RUN
1599,NCBI,SRR1218640,RUN
1600,NCBI,SRR1303430,RUN
1601,NCBI,SRR1303477,RUN
1602,NCBI,SRR1218676,RUN
1603,NCBI,SRR1302897,RUN
1604,NCBI,SRR1218632,RUN
1605,NCBI,SRR1303305,RUN
1606,NCBI,SRR1218674,RUN
1607,NCBI,SRR1303292,RUN
1608,NCBI,SRR1303385,RUN
1609,NCBI,SRR1303556,RUN
1610,NCBI,SRR1302882,RUN
1611,NCBI,SRR1218638,RUN
1612,NCBI,SRR1218544,RUN
1613,NCBI,SRR1218550,RUN
1614,NCBI,SRR1218547,RUN
1615,NCBI,SRR1218664,RUN
1616,NCBI,SRR1303263,RUN
1617,NCBI,SRR1303568,RUN
1618,NCBI,SRR1303574,RUN
1619,NCBI,SRR1300904,RUN
1620,NCBI,SRR1218555,RUN
1621,NCBI,SRR1303418,RUN
1622,NCBI,SRR1303239,RUN
1623,NCBI,SRR1302889,RUN
1624,NCBI,SRR1303487,RUN
1625,NCBI,SRR1218645,RUN
1626,NCBI,SRR1303534,RUN
1627,NCBI,SRR1303529,RUN
1628,NCBI,SRR1303282,RUN
1629,NCBI,SRR1303630,RUN
1630,NCBI,SRR1303241,RUN
1631,NCBI,SRR1218680,RUN
1632,NCBI,SRR1303554,RUN
1633,NCBI,SRR1303480,RUN
1634,NCBI,SRR1303532,RUN
1635,NCBI,SRR1303555,RUN
1636,NCBI,SRR1303280,RUN
1637,NCBI,SRR1303295,RUN
1638,NCBI,SRR1218681,RUN
1639,NCBI,SRR1218552,RUN
1640,NCBI,SRR1300907,RUN
1641,NCBI,SRR1218641,RUN
1642,NCBI,SRR1218639,RUN
1643,NCBI,SRR1303478,RUN
1644,NCBI,SRR1218549,RUN
1645,NCBI,SRR1302884,RUN
1646,NCBI,SRR1218679,RUN
1647,NCBI,SRR1303530,RUN
1648,NCBI,SRR1303540,RUN
1649,NCBI,SRR1303483,RUN
1650,NCBI,SRR1303398,RUN
1651,NCBI,SRR1218653,RUN
1652,NCBI,SRR1303417,RUN
1653,NCBI,SRR1303497,RUN
1654,NCBI,SRR1303466,RUN
1655,NCBI,SRR1303303,RUN
1656,NCBI,SRR1218553,RUN
1657,NCBI,SRR1303384,RUN
1658,NCBI,SRR1303391,RUN
1659,NCBI,SRR1218551,RUN
1660,NCBI,SRR1303236,RUN
1661,NCBI,SRR1302892,RUN
1662,NCBI,SRR1302896,RUN
1663,NCBI,SRR1303399,RUN
1664,NCBI,SRR1290899,RUN
1665,NCBI,SRR1290894,RUN
1666,NCBI,SRR1290873,RUN
1667,NCBI,SRR1252014,RUN
1668,NCBI,SRR1213122,RUN
1669,NCBI,SRR1213068,RUN
1670,NCBI,SRR1293496,RUN
1671,NCBI,SRR1303270,RUN
1672,NCBI,SRR1303413,RUN
1673,NCBI,SRR1213187,RUN
1674,NCBI,SRR1218548,RUN
1675,NCBI,SRR1212962,RUN
1676,NCBI,SRR1303287,RUN
1677,NCBI,SRR1213115,RUN
1678,NCBI,SRR1303283,RUN
1679,NCBI,SRR1213857,RUN
1680,NCBI,SRR1303472,RUN
1681,NCBI,SRR1213148,RUN
1682,NCBI,SRR1303284,RUN
1683,NCBI,SRR1303541,RUN
1684,NCBI,SRR1293397,RUN
1685,NCBI,SRR1293683,RUN
1686,NCBI,SRR1213078,RUN
1687,NCBI,SRR1218682,RUN
1688,NCBI,SRR1303392,RUN
1689,NCBI,SRR1213073,RUN
1690,NCBI,SRR1212978,RUN
1691,NCBI,SRR1293393,RUN
1692,NCBI,SRR1293561,RUN
1693,NCBI,SRR1303552,RUN
1694,NCBI,SRR1212966,RUN
1695,NCBI,SRR1303561,RUN
1696,NCBI,SRR1303559,RUN
1697,NCBI,SRR1303289,RUN
1698,NCBI,SRR1213147,RUN
1699,NCBI,SRR1293505,RUN
1700,NCBI,SRR1302880,RUN
1701,NCBI,SRR1212985,RUN
1702,NCBI,SRR1303572,RUN
1703,NCBI,SRR1303411,RUN
1704,NCBI,SRR1303585,RUN
1705,NCBI,SRR1293421,RUN
1706,NCBI,SRR1303637,RUN
1707,NCBI,SRR1303394,RUN
1708,NCBI,SRR1303566,RUN
1709,NCBI,SRR1293550,RUN
1710,NCBI,SRR1213186,RUN
1711,NCBI,SRR1293560,RUN
1712,NCBI,SRR1293398,RUN
1713,NCBI,SRR1328301,RUN
1714,NCBI,SRR1342139,RUN
1715,NCBI,SRR1330219,RUN
1716,NCBI,SRR1346342,RUN
1717,NCBI,SRR1330274,RUN
1718,NCBI,SRR1330283,RUN
1719,NCBI,SRR1328325,RUN
1720,NCBI,SRR1344709,RUN
1721,NCBI,SRR1328314,RUN
1722,NCBI,SRR1346411,RUN
1723,NCBI,SRR1330224,RUN
1724,NCBI,SRR1346232,RUN
1725,NCBI,SRR1328309,RUN
1726,NCBI,SRR1328328,RUN
1727,NCBI,SRR1329291,RUN
1728,NCBI,SRR1342158,RUN
1729,NCBI,SRR1329276,RUN
1730,NCBI,SRR1342127,RUN
1731,NCBI,SRR1329221,RUN
1732,NCBI,SRR1329242,RUN
1733,NCBI,SRR1326959,RUN
1734,NCBI,SRR1342324,RUN
1735,NCBI,SRR1329306,RUN
1736,NCBI,SRR1344690,RUN
1737,NCBI,SRR1326960,RUN
1738,NCBI,SRR1342348,RUN
1739,NCBI,SRR1328296,RUN
1740,NCBI,SRR1342350,RUN
1741,NCBI,SRR1328273,RUN
1742,NCBI,SRR1342175,RUN
1743,NCBI,SRR1330241,RUN
1744,NCBI,SRR1330404,RUN
1745,NCBI,SRR1330262,RUN
1746,NCBI,SRR1330280,RUN
1747,NCBI,SRR1329243,RUN
1748,NCBI,SRR1329246,RUN
1749,NCBI,SRR1330203,RUN
1750,NCBI,SRR1330267,RUN
1751,NCBI,SRR1330265,RUN
1752,NCBI,SRR1330370,RUN
1753,NCBI,SRR1326987,RUN
1754,NCBI,SRR1342150,RUN
1755,NCBI,SRR1330269,RUN
1756,NCBI,SRR1330402,RUN
1757,NCBI,SRR1326946,RUN
1758,NCBI,SRR1326983,RUN
1759,NCBI,SRR1326994,RUN
1760,NCBI,SRR1344763,RUN
1761,NCBI,SRR1326245,RUN
1762,NCBI,SRR1340408,RUN
1763,NCBI,SRR1329301,RUN
1764,NCBI,SRR1342373,RUN
1765,NCBI,SRR1329266,RUN
1766,NCBI,SRR1342132,RUN
1767,NCBI,SRR1328302,RUN
1768,NCBI,SRR1344680,RUN
1769,NCBI,SRR1328295,RUN
1770,NCBI,SRR1344710,RUN
1771,NCBI,SRR1328330,RUN
1772,NCBI,SRR1342196,RUN
1773,NCBI,SRR1330276,RUN
1774,NCBI,SRR1330408,RUN
1775,NCBI,SRR1326947,RUN
1776,NCBI,SRR1344790,RUN
1777,NCBI,SRR1329807,RUN
1778,NCBI,SRR1330234,RUN
1779,NCBI,SRR1330369,RUN
1780,NCBI,SRR1330414,RUN
1781,NCBI,SRR1329263,RUN
1782,NCBI,SRR1342118,RUN
1783,NCBI,SRR1329274,RUN
1784,NCBI,SRR1342199,RUN
1785,NCBI,SRR1326140,RUN
1786,NCBI,SRR1344694,RUN
1787,NCBI,SRR1329302,RUN
1788,NCBI,SRR1329309,RUN
1789,NCBI,SRR1329834,RUN
1790,NCBI,SRR1342144,RUN
1791,NCBI,SRR1328175,RUN
1792,NCBI,SRR1346339,RUN
1793,NCBI,SRR1330260,RUN
1794,NCBI,SRR1330270,RUN
1795,NCBI,SRR1328320,RUN
1796,NCBI,SRR1342354,RUN
1797,NCBI,SRR1329223,RUN
1798,NCBI,SRR1342140,RUN
1799,NCBI,SRR1330258,RUN
1800,NCBI,SRR1330395,RUN
1801,NCBI,SRR1328321,RUN
1802,NCBI,SRR1342181,RUN
1803,NCBI,SRR1326988,RUN
1804,NCBI,SRR1340402,RUN
1805,NCBI,SRR1328329,RUN
1806,NCBI,SRR1342342,RUN
1807,NCBI,SRR1330225,RUN
1808,NCBI,SRR1330236,RUN
1809,NCBI,SRR1329303,RUN
1810,NCBI,SRR1346399,RUN
1811,NCBI,SRR1326199,RUN
1812,NCBI,SRR1344700,RUN
1813,NCBI,SRR1326246,RUN
1814,NCBI,SRR1346235,RUN
1815,NCBI,SRR1326938,RUN
1816,NCBI,SRR1326978,RUN
1817,NCBI,SRR1329810,RUN
1818,NCBI,SRR1342173,RUN
1819,NCBI,SRR1329278,RUN
1820,NCBI,SRR1342329,RUN
1821,NCBI,SRR1530980,RUN
1822,NCBI,SRR1531004,RUN
1823,NCBI,SRR1330400,RUN
1824,NCBI,SRR1330409,RUN
1825,NCBI,SRR1330200,RUN
1826,NCBI,SRR1330257,RUN
1827,NCBI,SRR1329839,RUN
1828,NCBI,SRR1342321,RUN
1829,NCBI,SRR1328307,RUN
1830,NCBI,SRR1342347,RUN
1831,NCBI,SRR1303279,RUN
1832,NCBI,SRR1303401,RUN
1833,NCBI,SRR1328186,RUN
1834,NCBI,SRR1344766,RUN
1835,NCBI,SRR1328291,RUN
1836,NCBI,SRR1342156,RUN
1837,NCBI,SRR1329844,RUN
1838,NCBI,SRR1330212,RUN
1839,NCBI,SRR1329294,RUN
1840,NCBI,SRR1346356,RUN
1841,NCBI,SRR1328285,RUN
1842,NCBI,SRR1346394,RUN
1843,NCBI,SRR1326141,RUN
1844,NCBI,SRR1326980,RUN
1845,NCBI,SRR1328188,RUN
1846,NCBI,SRR1342351,RUN
1847,NCBI,SRR1303537,RUN
1848,NCBI,SRR1328170,RUN
1849,NCBI,SRR1328298,RUN
1850,NCBI,SRR1330233,RUN
1851,NCBI,SRR1330425,RUN
1852,NCBI,SRR1328177,RUN
1853,NCBI,SRR1342360,RUN
1854,NCBI,SRR1326969,RUN
1855,NCBI,SRR1342164,RUN
1856,NCBI,SRR1329233,RUN
1857,NCBI,SRR1342191,RUN
1858,NCBI,SRR1326970,RUN
1859,NCBI,SRR1340403,RUN
1860,NCBI,SRR1328183,RUN
1861,NCBI,SRR1344778,RUN
1862,NCBI,SRR1328297,RUN
1863,NCBI,SRR1346340,RUN
1864,NCBI,SRR1328299,RUN
1865,NCBI,SRR1342153,RUN
1866,NCBI,SRR1328192,RUN
1867,NCBI,SRR1346341,RUN
1868,NCBI,SRR1329231,RUN
1869,NCBI,SRR1346407,RUN
1870,NCBI,SRR1328326,RUN
1871,NCBI,SRR1346397,RUN
1872,NCBI,SRR1329267,RUN
1873,NCBI,SRR1342331,RUN
1874,NCBI,SRR1330229,RUN
1875,NCBI,SRR1346236,RUN
1876,NCBI,SRR1326963,RUN
1877,NCBI,SRR1326981,RUN
1878,NCBI,SRR1330204,RUN
1879,NCBI,SRR1346412,RUN
1880,NCBI,SRR1303271,RUN
1881,NCBI,SRR1303563,RUN
1882,NCBI,SRR1326142,RUN
1883,NCBI,SRR1531007,RUN
1884,NCBI,SRR1328293,RUN
1885,NCBI,SRR1342363,RUN
1886,NCBI,SRR1328311,RUN
1887,NCBI,SRR1342289,RUN
1888,NCBI,SRR1330242,RUN
1889,NCBI,SRR1330281,RUN
1890,NCBI,SRR1329237,RUN
1891,NCBI,SRR1344796,RUN
1892,NCBI,SRR1328275,RUN
1893,NCBI,SRR1344775,RUN
1894,NCBI,SRR1326951,RUN
1895,NCBI,SRR1326952,RUN
1896,NCBI,SRR1326935,RUN
1897,NCBI,SRR1344692,RUN
1898,NCBI,SRR1328308,RUN
1899,NCBI,SRR1342382,RUN
1900,NCBI,SRR1344767,RUN
1901,NCBI,SRR1346228,RUN
1902,NCBI,SRR1329310,RUN
1903,NCBI,SRR1342142,RUN
1904,NCBI,SRR1342286,RUN
1905,NCBI,SRR1344693,RUN
1906,NCBI,SRR1326971,RUN
1907,NCBI,SRR1340397,RUN
1908,NCBI,SRR1342356,RUN
1909,NCBI,SRR1346330,RUN
1910,NCBI,SRR1303542,RUN
1911,NCBI,SRR1328332,RUN
1912,NCBI,SRR1344768,RUN
1913,NCBI,SRR1344793,RUN
1914,NCBI,SRR1346357,RUN
1915,NCBI,SRR1330214,RUN
1916,NCBI,SRR1330218,RUN
1917,NCBI,SRR1330230,RUN
1918,NCBI,SRR1330247,RUN
1919,NCBI,SRR1303400,RUN
1920,NCBI,SRR1329224,RUN
1921,NCBI,SRR1342151,RUN
1922,NCBI,SRR1342190,RUN
1923,NCBI,SRR1342374,RUN
1924,NCBI,SRR1326953,RUN
1925,NCBI,SRR1326966,RUN
1926,NCBI,SRR1340410,RUN
1927,NCBI,SRR1344691,RUN
1928,NCBI,SRR1328178,RUN
1929,NCBI,SRR1328304,RUN
1930,NCBI,SRR1342336,RUN
1931,NCBI,SRR1346234,RUN
1932,NCBI,SRR1328313,RUN
1933,NCBI,SRR1342133,RUN
1934,NCBI,SRR1342367,RUN
1935,NCBI,SRR1344697,RUN
1936,NCBI,SRR1326242,RUN
1937,NCBI,SRR1326943,RUN
1938,NCBI,SRR1342369,RUN
1939,NCBI,SRR1344769,RUN
1940,NCBI,SRR1329812,RUN
1941,NCBI,SRR1342183,RUN
1942,NCBI,SRR1342334,RUN
1943,NCBI,SRR1344776,RUN
1944,NCBI,SRR1329226,RUN
1945,NCBI,SRR1329307,RUN
1946,NCBI,SRR1342128,RUN
1947,NCBI,SRR1346368,RUN
1948,NCBI,SRR1326979,RUN
1949,NCBI,SRR1344696,RUN
1950,NCBI,SRR1344759,RUN
1951,NCBI,SRR1346405,RUN
1952,NCBI,SRR1328323,RUN
1953,NCBI,SRR1342147,RUN
1954,NCBI,SRR1342368,RUN
1955,NCBI,SRR1344777,RUN
1956,NCBI,SRR1303421,RUN
1957,NCBI,SRR1330273,RUN
1958,NCBI,SRR1330275,RUN
1959,NCBI,SRR1330420,RUN
1960,NCBI,SRR1330423,RUN
1961,NCBI,SRR1330246,RUN
1962,NCBI,SRR1330405,RUN
1963,NCBI,SRR1330411,RUN
1964,NCBI,SRR1330419,RUN
1965,NCBI,SRR1303582,RUN
1966,NCBI,SRR1328287,RUN
1967,NCBI,SRR1328292,RUN
1968,NCBI,SRR1342383,RUN
1969,NCBI,SRR1346395,RUN
1970,NCBI,SRR1328276,RUN
1971,NCBI,SRR1342171,RUN
1972,NCBI,SRR1342389,RUN
1973,NCBI,SRR1346403,RUN
1974,NCBI,SRR1326954,RUN
1975,NCBI,SRR1340409,RUN
1976,NCBI,SRR1342184,RUN
1977,NCBI,SRR1346359,RUN
1978,NCBI,SRR1329222,RUN
1979,NCBI,SRR1329298,RUN
1980,NCBI,SRR1344707,RUN
1981,NCBI,SRR1344782,RUN
1982,NCBI,SRR1328174,RUN
1983,NCBI,SRR1342178,RUN
1984,NCBI,SRR1342284,RUN
1985,NCBI,SRR1346237,RUN
1986,NCBI,SRR1329279,RUN
1987,NCBI,SRR1342179,RUN
1988,NCBI,SRR1346337,RUN
1989,NCBI,SRR1346358,RUN
1990,NCBI,SRR1326939,RUN
1991,NCBI,SRR1342319,RUN
1992,NCBI,SRR1342335,RUN
1993,NCBI,SRR1347543,RUN
1994,NCBI,SRR1328176,RUN
1995,NCBI,SRR1328187,RUN
1996,NCBI,SRR1342326,RUN
1997,NCBI,SRR1346335,RUN
1998,NCBI,SRR1329240,RUN
1999,NCBI,SRR1344786,RUN
2000,NCBI,SRR1344804,RUN
2001,NCBI,SRR1346355,RUN
2002,NCBI,SRR1328315,RUN
2003,NCBI,SRR1342174,RUN
2004,NCBI,SRR1342358,RUN
2005,NCBI,SRR1344698,RUN
2006,NCBI,SRR1326940,RUN
2007,NCBI,SRR1326961,RUN
2008,NCBI,SRR1340398,RUN
2009,NCBI,SRR1342143,RUN
2010,NCBI,SRR1329229,RUN
2011,NCBI,SRR1342157,RUN
2012,NCBI,SRR1344788,RUN
2013,NCBI,SRR1346413,RUN
2014,NCBI,SRR1328310,RUN
2015,NCBI,SRR1328317,RUN
2016,NCBI,SRR1342121,RUN
2017,NCBI,SRR1346396,RUN
2018,NCBI,SRR1329258,RUN
2019,NCBI,SRR1329284,RUN
2020,NCBI,SRR1329304,RUN
2021,NCBI,SRR1342194,RUN
2022,NCBI,SRR1326936,RUN
2023,NCBI,SRR1326944,RUN
2024,NCBI,SRR1344708,RUN
2025,NCBI,SRR1344784,RUN
2026,NCBI,SRR1326183,RUN
2027,NCBI,SRR1342129,RUN
2028,NCBI,SRR1344800,RUN
2029,NCBI,SRR1346363,RUN
2030,NCBI,SRR1326989,RUN
2031,NCBI,SRR1340414,RUN
2032,NCBI,SRR1344783,RUN
2033,NCBI,SRR1346231,RUN
2034,NCBI,SRR1326997,RUN
2035,NCBI,SRR1342134,RUN
2036,NCBI,SRR1344760,RUN
2037,NCBI,SRR1344805,RUN
2038,NCBI,SRR1328184,RUN
2039,NCBI,SRR1342125,RUN
2040,NCBI,SRR1342154,RUN
2041,NCBI,SRR1342376,RUN
2042,NCBI,SRR1326247,RUN
2043,NCBI,SRR1340404,RUN
2044,NCBI,SRR1340412,RUN
2045,NCBI,SRR1346350,RUN
2046,NCBI,SRR1329238,RUN
2047,NCBI,SRR1342322,RUN
2048,NCBI,SRR1342345,RUN
2049,NCBI,SRR1346354,RUN
2050,NCBI,SRR1326975,RUN
2051,NCBI,SRR1342126,RUN
2052,NCBI,SRR1342172,RUN
2053,NCBI,SRR1342371,RUN
2054,NCBI,SRR1328318,RUN
2055,NCBI,SRR1344802,RUN
2056,NCBI,SRR1346229,RUN
2057,NCBI,SRR1346408,RUN
2058,NCBI,SRR1328274,RUN
2059,NCBI,SRR1342192,RUN
2060,NCBI,SRR1344703,RUN
2061,NCBI,SRR1346406,RUN
2062,NCBI,SRR1303575,RUN
2063,NCBI,SRR1326982,RUN
2064,NCBI,SRR1342195,RUN
2065,NCBI,SRR1342384,RUN
2066,NCBI,SRR1344773,RUN
2067,NCBI,SRR1329271,RUN
2068,NCBI,SRR1342282,RUN
2069,NCBI,SRR1346370,RUN
2070,NCBI,SRR1346404,RUN
2071,NCBI,SRR1329245,RUN
2072,NCBI,SRR1329295,RUN
2073,NCBI,SRR1342186,RUN
2074,NCBI,SRR1342285,RUN
2075,NCBI,SRR1328305,RUN
2076,NCBI,SRR1344688,RUN
2077,NCBI,SRR1344761,RUN
2078,NCBI,SRR1344791,RUN
2079,NCBI,SRR1329244,RUN
2080,NCBI,SRR1342320,RUN
2081,NCBI,SRR1342353,RUN
2082,NCBI,SRR1344689,RUN
2083,NCBI,SRR1330213,RUN
2084,NCBI,SRR1330264,RUN
2085,NCBI,SRR1342177,RUN
2086,NCBI,SRR1342337,RUN
2087,NCBI,SRR1326976,RUN
2088,NCBI,SRR1340396,RUN
2089,NCBI,SRR1342372,RUN
2090,NCBI,SRR1344699,RUN
2091,NCBI,SRR1326967,RUN
2092,NCBI,SRR1342185,RUN
2093,NCBI,SRR1342379,RUN
2094,NCBI,SRR1344702,RUN
2095,NCBI,SRR1329283,RUN
2096,NCBI,SRR1342187,RUN
2097,NCBI,SRR1342330,RUN
2098,NCBI,SRR1347544,RUN
2099,NCBI,SRR1328194,RUN
2100,NCBI,SRR1328289,RUN
2101,NCBI,SRR1346334,RUN
2102,NCBI,SRR1346338,RUN
2103,NCBI,SRR1328333,RUN
2104,NCBI,SRR1344683,RUN
2105,NCBI,SRR1344686,RUN
2106,NCBI,SRR1346364,RUN
2107,NCBI,SRR1326964,RUN
2108,NCBI,SRR1326998,RUN
2109,NCBI,SRR1346230,RUN
2110,NCBI,SRR1346332,RUN
2111,NCBI,SRR1329264,RUN
2112,NCBI,SRR1342325,RUN
2113,NCBI,SRR1342380,RUN
2114,NCBI,SRR1342381,RUN
2115,NCBI,SRR1328316,RUN
2116,NCBI,SRR1342122,RUN
2117,NCBI,SRR1342349,RUN
2118,NCBI,SRR1344687,RUN
2119,NCBI,SRR1329280,RUN
2120,NCBI,SRR1342148,RUN
2121,NCBI,SRR1342155,RUN
2122,NCBI,SRR1346365,RUN
2123,NCBI,SRR1326203,RUN
2124,NCBI,SRR1342137,RUN
2125,NCBI,SRR1342339,RUN
2126,NCBI,SRR1346361,RUN
2127,NCBI,SRR1202677,RUN
2128,NCBI,SRR1202693,RUN
2129,NCBI,SRR1202742,RUN
2130,NCBI,SRR1202749,RUN
2131,NCBI,SRR1202653,RUN
2132,NCBI,SRR1202678,RUN
2133,NCBI,SRR1202679,RUN
2134,NCBI,SRR1202743,RUN
2135,NCBI,SRR1202694,RUN
2136,NCBI,SRR1202711,RUN
2137,NCBI,SRR1202715,RUN
2138,NCBI,SRR1202752,RUN
2139,NCBI,SRR1202660,RUN
2140,NCBI,SRR1202695,RUN
2141,NCBI,SRR1202703,RUN
2142,NCBI,SRR1202736,RUN
2143,NCBI,SRR1202712,RUN
2144,NCBI,SRR1202731,RUN
2145,NCBI,SRR1202737,RUN
2146,NCBI,SRR1202751,RUN
2147,NCBI,SRR1202666,RUN
2148,NCBI,SRR1202686,RUN
2149,NCBI,SRR1202722,RUN
2150,NCBI,SRR1202744,RUN
2151,NCBI,SRR1202673,RUN
2152,NCBI,SRR1202687,RUN
2153,NCBI,SRR1202700,RUN
2154,NCBI,SRR1202745,RUN
2155,NCBI,SRR1202661,RUN
2156,NCBI,SRR1202667,RUN
2157,NCBI,SRR1202674,RUN
2158,NCBI,SRR1202701,RUN
2159,NCBI,SRR1202723,RUN
2160,NCBI,SRR1202724,RUN
2161,NCBI,SRR1202738,RUN
2162,NCBI,SRR1202746,RUN
2163,NCBI,SRR1202654,RUN
2164,NCBI,SRR1202655,RUN
2165,NCBI,SRR1202704,RUN
2166,NCBI,SRR1202732,RUN
2167,NCBI,SRR1202668,RUN
2168,NCBI,SRR1202705,RUN
2169,NCBI,SRR1202716,RUN
2170,NCBI,SRR1202717,RUN
2171,NCBI,SRR1326949,RUN
2172,NCBI,SRR1342168,RUN
2173,NCBI,SRR1342365,RUN
2174,NCBI,SRR1344779,RUN
2175,NCBI,SRR1329234,RUN
2176,NCBI,SRR1329268,RUN
2177,NCBI,SRR1344803,RUN
2178,NCBI,SRR1346400,RUN
2179,NCBI,SRR1330278,RUN
2180,NCBI,SRR1330356,RUN
2181,NCBI,SRR1330413,RUN
2182,NCBI,SRR1330416,RUN
2183,NCBI,SRR1329288,RUN
2184,NCBI,SRR1342123,RUN
2185,NCBI,SRR1344780,RUN
2186,NCBI,SRR1346398,RUN
2187,NCBI,SRR1329285,RUN
2188,NCBI,SRR1342166,RUN
2189,NCBI,SRR1342355,RUN
2190,NCBI,SRR1342385,RUN
2191,NCBI,SRR1326968,RUN
2192,NCBI,SRR1340405,RUN
2193,NCBI,SRR1342200,RUN
2194,NCBI,SRR1346352,RUN
2195,NCBI,SRR1329230,RUN
2196,NCBI,SRR1344762,RUN
2197,NCBI,SRR1346343,RUN
2198,NCBI,SRR1346344,RUN
2199,NCBI,SRR1326145,RUN
2200,NCBI,SRR1346345,RUN
2201,NCBI,SRR1346348,RUN
2202,NCBI,SRR1347541,RUN
2203,NCBI,SRR1329261,RUN
2204,NCBI,SRR1342387,RUN
2205,NCBI,SRR1346393,RUN
2206,NCBI,SRR1346401,RUN
2207,NCBI,SRR1326957,RUN
2208,NCBI,SRR1342193,RUN
2209,NCBI,SRR1344797,RUN
2210,NCBI,SRR1346351,RUN
2211,NCBI,SRR1329235,RUN
2212,NCBI,SRR1342202,RUN
2213,NCBI,SRR1342327,RUN
2214,NCBI,SRR1344792,RUN
2215,NCBI,SRR1328179,RUN
2216,NCBI,SRR1328181,RUN
2217,NCBI,SRR1342357,RUN
2218,NCBI,SRR1344789,RUN
2219,NCBI,SRR1326941,RUN
2220,NCBI,SRR1326955,RUN
2221,NCBI,SRR1346346,RUN
2222,NCBI,SRR1346409,RUN
2223,NCBI,SRR1330208,RUN
2224,NCBI,SRR1342346,RUN
2225,NCBI,SRR1328331,RUN
2226,NCBI,SRR1344785,RUN
2227,NCBI,SRR1329311,RUN
2228,NCBI,SRR1342198,RUN
2229,NCBI,SRR1329272,RUN
2230,NCBI,SRR1342388,RUN
2231,NCBI,SRR1213851,RUN
2232,NCBI,SRR1293409,RUN
2233,NCBI,SRR1212969,RUN
2234,NCBI,SRR1213064,RUN
2235,NCBI,SRR1293509,RUN
2236,NCBI,SRR1531017,RUN
2237,NCBI,SRR1213065,RUN
2238,NCBI,SRR1530978,RUN
2239,NCBI,SRR1293395,RUN
2240,NCBI,SRR1293609,RUN
2241,NCBI,SRR1213709,RUN
2242,NCBI,SRR1530993,RUN
2243,NCBI,SRR1293660,RUN
2244,NCBI,SRR1530983,RUN
2245,NCBI,SRR1293629,RUN
2246,NCBI,SRR1531023,RUN
2247,NCBI,SRR1213110,RUN
2248,NCBI,SRR1293501,RUN
2249,NCBI,SRR1213081,RUN
2250,NCBI,SRR1530985,RUN
2251,NCBI,SRR1303264,RUN
2252,NCBI,SRR1323999,RUN
2253,NCBI,SRR1212972,RUN
2254,NCBI,SRR1213112,RUN
2255,NCBI,SRR1303539,RUN
2256,NCBI,SRR1213077,RUN
2257,NCBI,SRR1293381,RUN
2258,NCBI,SRR1212979,RUN
2259,NCBI,SRR1530988,RUN
2260,NCBI,SRR1303296,RUN
2261,NCBI,SRR1324586,RUN
2262,NCBI,SRR1303469,RUN
2263,NCBI,SRR1293394,RUN
2264,NCBI,SRR1530991,RUN
2265,NCBI,SRR1213118,RUN
2266,NCBI,SRR1293416,RUN
2267,NCBI,SRR1293677,RUN
2268,NCBI,SRR1531024,RUN
2269,NCBI,SRR1293674,RUN
2270,NCBI,SRR1531014,RUN
2271,NCBI,SRR1212968,RUN
2272,NCBI,SRR1531033,RUN
2273,NCBI,SRR1293383,RUN
2274,NCBI,SRR1531008,RUN
2275,NCBI,SRR1212982,RUN
2276,NCBI,SRR1530998,RUN
2277,NCBI,SRR1293392,RUN
2278,NCBI,SRR1530992,RUN
2279,NCBI,SRR1213082,RUN
2280,NCBI,SRR1530994,RUN
2281,NCBI,SRR1213849,RUN
2282,NCBI,SRR1293507,RUN
2283,NCBI,SRR1213074,RUN
2284,NCBI,SRR1531018,RUN
2285,NCBI,SRR1303482,RUN
2286,NCBI,SRR1303485,RUN
2287,NCBI,SRR1212975,RUN
2288,NCBI,SRR1531009,RUN
2289,NCBI,SRR1213121,RUN
2290,NCBI,SRR1531015,RUN
2291,NCBI,SRR1303277,RUN
2292,NCBI,SRR1309447,RUN
2293,NCBI,SRR1293681,RUN
2294,NCBI,SRR1530986,RUN
2295,NCBI,SRR1213155,RUN
2296,NCBI,SRR1530979,RUN
2297,NCBI,SRR1212960,RUN
2298,NCBI,SRR1213071,RUN
2299,NCBI,SRR1303494,RUN
2300,NCBI,SRR1309449,RUN
2301,NCBI,SRR1293411,RUN
2302,NCBI,SRR1531010,RUN
2303,NCBI,SRR1302887,RUN
2304,NCBI,SRR1309450,RUN
2305,NCBI,SRR1213080,RUN
2306,NCBI,SRR1530987,RUN
2307,NCBI,SRR1293388,RUN
2308,NCBI,SRR1531019,RUN
2309,NCBI,SRR1293408,RUN
2310,NCBI,SRR1531002,RUN
2311,NCBI,SRR1293420,RUN
2312,NCBI,SRR1530999,RUN
2313,NCBI,SRR1303275,RUN
2314,NCBI,SRR1322226,RUN
2315,NCBI,SRR1293503,RUN
2316,NCBI,SRR1531031,RUN
2317,NCBI,SRR1212987,RUN
2318,NCBI,SRR1530996,RUN
2319,NCBI,SRR1213111,RUN
2320,NCBI,SRR1531000,RUN
2321,NCBI,SRR1212970,RUN
2322,NCBI,SRR1531003,RUN
2323,NCBI,SRR1293418,RUN
2324,NCBI,SRR1293616,RUN
2325,NCBI,SRR1293597,RUN
2326,NCBI,SRR1530981,RUN
2327,NCBI,SRR1213852,RUN
2328,NCBI,SRR1293413,RUN
2329,NCBI,SRR1293510,RUN
2330,NCBI,SRR1293636,RUN
2331,NCBI,SRR1213075,RUN
2332,NCBI,SRR1531032,RUN
2333,NCBI,SRR1212963,RUN
2334,NCBI,SRR1530982,RUN
2335,NCBI,SRR1293504,RUN
2336,NCBI,SRR1293568,RUN
2337,NCBI,SRR1302883,RUN
2338,NCBI,SRR1324001,RUN
2339,NCBI,SRR1303422,RUN
2340,NCBI,SRR1302898,RUN
2341,NCBI,SRR1309451,RUN
2342,NCBI,SRR1213839,RUN
2343,NCBI,SRR1531005,RUN
2344,NCBI,SRR1213070,RUN
2345,NCBI,SRR1293608,RUN
2346,NCBI,SRR1293577,RUN
2347,NCBI,SRR1531016,RUN
2348,NCBI,SRR1212980,RUN
2349,NCBI,SRR1531034,RUN
2350,NCBI,SRR1213807,RUN
2351,NCBI,SRR1531028,RUN
2352,NCBI,SRR1293390,RUN
2353,NCBI,SRR1293569,RUN
2354,NCBI,SRR1213079,RUN
2355,NCBI,SRR1531011,RUN
2356,NCBI,SRR1213072,RUN
2357,NCBI,SRR1530984,RUN
2358,NCBI,SRR1303304,RUN
2359,NCBI,SRR1324761,RUN
2360,NCBI,SRR1212971,RUN
2361,NCBI,SRR1212986,RUN
2362,NCBI,SRR1293410,RUN
2363,NCBI,SRR1293648,RUN
2364,NCBI,SRR1303634,RUN
2365,NCBI,SRR1303639,RUN
2366,NCBI,SRR1212961,RUN
2367,NCBI,SRR1531025,RUN
2368,NCBI,SRR1213083,RUN
2369,NCBI,SRR1530989,RUN
2370,NCBI,SRR1293387,RUN
2371,NCBI,SRR1293495,RUN
2372,NCBI,SRR1303290,RUN
2373,NCBI,SRR1212959,RUN
2374,NCBI,SRR1531006,RUN
2375,NCBI,SRR1303278,RUN
2376,NCBI,SRR1324585,RUN
2377,NCBI,SRR1293385,RUN
2378,NCBI,SRR1293415,RUN
2379,NCBI,SRR1213113,RUN
2380,NCBI,SRR1531029,RUN
2381,NCBI,SRR1212981,RUN
2382,NCBI,SRR1531021,RUN
2383,NCBI,SRR1302918,RUN
2384,NCBI,SRR1322184,RUN
2385,NCBI,SRR1213114,RUN
2386,NCBI,SRR1530997,RUN
2387,NCBI,SRR1293499,RUN
2388,NCBI,SRR1531030,RUN
2389,NCBI,SRR1293498,RUN
2390,NCBI,SRR1293652,RUN
2391,NCBI,SRR1302916,RUN
2392,NCBI,SRR1324587,RUN
2393,NCBI,SRR1213116,RUN
2394,NCBI,SRR1293570,RUN
2395,NCBI,SRR1213076,RUN
2396,NCBI,SRR1531012,RUN
2397,NCBI,SRR1213119,RUN
2398,NCBI,SRR1530995,RUN
2399,NCBI,SRR1293396,RUN
2400,NCBI,SRR1531020,RUN
2401,NCBI,SRR1212967,RUN
2402,NCBI,SRR1293611,RUN
2403,NCBI,SRR1293379,RUN
2404,NCBI,SRR1531026,RUN
2405,NCBI,SRR1302894,RUN
2406,NCBI,SRR1324588,RUN
2407,NCBI,SRR1303467,RUN
2408,NCBI,SRR1293502,RUN
2409,NCBI,SRR1293508,RUN
2410,NCBI,SRR1293391,RUN
2411,NCBI,SRR1293417,RUN
2412,NCBI,SRR1303300,RUN
2413,NCBI,SRR1309448,RUN
2414,NCBI,SRR1293384,RUN
2415,NCBI,SRR1531013,RUN
2416,NCBI,SRR1212974,RUN
2417,NCBI,SRR1531022,RUN
2418,NCBI,SRR1212976,RUN
2419,NCBI,SRR1531027,RUN
2420,NCBI,SRR1303578,RUN
2421,NCBI,SRR1303301,RUN
2422,NCBI,SRR1303299,RUN
2423,NCBI,SRR1303571,RUN
2424,NCBI,SRR1303481,RUN
2425,NCBI,SRR1307721,RUN
2426,NCBI,SRR1212964,RUN
2427,NCBI,SRR1212965,RUN
2428,NCBI,SRR1302885,RUN
2429,NCBI,SRR1328277,RUN
2430,NCBI,SRR1342138,RUN
2431,NCBI,SRR1326244,RUN
2432,NCBI,SRR1346227,RUN
2433,NCBI,SRR1330202,RUN
2434,NCBI,SRR1346374,RUN
2435,NCBI,SRR1326316,RUN
2436,NCBI,SRR1340413,RUN
2437,NCBI,SRR1329265,RUN
2438,NCBI,SRR1342117,RUN
2439,NCBI,SRR1330243,RUN
2440,NCBI,SRR1342323,RUN
2441,NCBI,SRR1329289,RUN
2442,NCBI,SRR1342377,RUN
2443,NCBI,SRR1303235,RUN
2444,NCBI,SRR1330398,RUN
2445,NCBI,SRR1330421,RUN
2446,NCBI,SRR1303570,RUN
2447,NCBI,SRR1326945,RUN
2448,NCBI,SRR1340407,RUN
2449,NCBI,SRR1330415,RUN
2450,NCBI,SRR1330426,RUN
2451,NCBI,SRR1328306,RUN
2452,NCBI,SRR1344798,RUN
2453,NCBI,SRR1329290,RUN
2454,NCBI,SRR1342159,RUN
2455,NCBI,SRR1330227,RUN
2456,NCBI,SRR1330245,RUN
2457,NCBI,SRR1328290,RUN
2458,NCBI,SRR1342340,RUN
2459,NCBI,SRR1326958,RUN
2460,NCBI,SRR1344765,RUN
2461,NCBI,SRR1329300,RUN
2462,NCBI,SRR1346371,RUN
2463,NCBI,SRR1329259,RUN
2464,NCBI,SRR1346360,RUN
2465,NCBI,SRR1303403,RUN
2466,NCBI,SRR1303237,RUN
2467,NCBI,SRR1303471,RUN
2468,NCBI,SRR1329287,RUN
2469,NCBI,SRR1329293,RUN
2470,NCBI,SRR1303491,RUN
2471,NCBI,SRR1329850,RUN
2472,NCBI,SRR1330263,RUN
2473,NCBI,SRR1330254,RUN
2474,NCBI,SRR1330406,RUN
2475,NCBI,SRR1328180,RUN
2476,NCBI,SRR1342130,RUN
2477,NCBI,SRR1330244,RUN
2478,NCBI,SRR1330256,RUN
2479,NCBI,SRR1330403,RUN
2480,NCBI,SRR1330422,RUN
2481,NCBI,SRR1330226,RUN
2482,NCBI,SRR1330271,RUN
2483,NCBI,SRR1328300,RUN
2484,NCBI,SRR1344781,RUN
2485,NCBI,SRR1303632,RUN
2486,NCBI,SRR1326965,RUN
2487,NCBI,SRR1342169,RUN
2488,NCBI,SRR1330216,RUN
2489,NCBI,SRR1342188,RUN
2490,NCBI,SRR1326991,RUN
2491,NCBI,SRR1342344,RUN
2492,NCBI,SRR1330215,RUN
2493,NCBI,SRR1346372,RUN
2494,NCBI,SRR1328190,RUN
2495,NCBI,SRR1342291,RUN
2496,NCBI,SRR1329809,RUN
2497,NCBI,SRR1330238,RUN
2498,NCBI,SRR1328189,RUN
2499,NCBI,SRR1328193,RUN
2500,NCBI,SRR1330232,RUN
2501,NCBI,SRR1330255,RUN
2502,NCBI,SRR1329262,RUN
2503,NCBI,SRR1342362,RUN
2504,NCBI,SRR1329260,RUN
2505,NCBI,SRR1342165,RUN
2506,NCBI,SRR1328185,RUN
2507,NCBI,SRR1328272,RUN
2508,NCBI,SRR1329282,RUN
2509,NCBI,SRR1344705,RUN
2510,NCBI,SRR1330417,RUN
2511,NCBI,SRR1330424,RUN
2512,NCBI,SRR1303233,RUN
2513,NCBI,SRR1329296,RUN
2514,NCBI,SRR1347542,RUN
2515,NCBI,SRR1303428,RUN
2516,NCBI,SRR1326950,RUN
2517,NCBI,SRR1344711,RUN
2518,NCBI,SRR1329228,RUN
2519,NCBI,SRR1344794,RUN
2520,NCBI,SRR1329236,RUN
2521,NCBI,SRR1342189,RUN
2522,NCBI,SRR1330222,RUN
2523,NCBI,SRR1330259,RUN
2524,NCBI,SRR1326996,RUN
2525,NCBI,SRR1342283,RUN
2526,NCBI,SRR1303425,RUN
2527,NCBI,SRR1303573,RUN
2528,NCBI,SRR1330239,RUN
2529,NCBI,SRR1344774,RUN
2530,NCBI,SRR1302917,RUN
2531,NCBI,SRR1328319,RUN
2532,NCBI,SRR1342131,RUN
2533,NCBI,SRR1326992,RUN
2534,NCBI,SRR1340401,RUN
2535,NCBI,SRR1330277,RUN
2536,NCBI,SRR1330410,RUN
2537,NCBI,SRR1329305,RUN
2538,NCBI,SRR1342141,RUN
2539,NCBI,SRR1329241,RUN
2540,NCBI,SRR1342201,RUN
2541,NCBI,SRR1330231,RUN
2542,NCBI,SRR1346369,RUN
2543,NCBI,SRR1326995,RUN
2544,NCBI,SRR1342338,RUN
2545,NCBI,SRR1326937,RUN
2546,NCBI,SRR1346414,RUN
2547,NCBI,SRR1303415,RUN
2548,NCBI,SRR1330279,RUN
2549,NCBI,SRR1330282,RUN
2550,NCBI,SRR1330396,RUN
2551,NCBI,SRR1330399,RUN
2552,NCBI,SRR1303419,RUN
2553,NCBI,SRR1303565,RUN
2554,NCBI,SRR1328172,RUN
2555,NCBI,SRR1346362,RUN
2556,NCBI,SRR1326942,RUN
2557,NCBI,SRR1326972,RUN
2558,NCBI,SRR1330221,RUN
2559,NCBI,SRR1330418,RUN
2560,NCBI,SRR1329232,RUN
2561,NCBI,SRR1329281,RUN
2562,NCBI,SRR1330249,RUN
2563,NCBI,SRR1346366,RUN
2564,NCBI,SRR1326984,RUN
2565,NCBI,SRR1344787,RUN
2566,NCBI,SRR1329270,RUN
2567,NCBI,SRR1342149,RUN
2568,NCBI,SRR1330206,RUN
2569,NCBI,SRR1346410,RUN
2570,NCBI,SRR1303302,RUN
2571,NCBI,SRR1328182,RUN
2572,NCBI,SRR1342287,RUN
2573,NCBI,SRR1328294,RUN
2574,NCBI,SRR1328324,RUN
2575,NCBI,SRR1329292,RUN
2576,NCBI,SRR1342332,RUN
2577,NCBI,SRR1326315,RUN
2578,NCBI,SRR1346402,RUN
2579,NCBI,SRR1329856,RUN
2580,NCBI,SRR1330223,RUN
2581,NCBI,SRR1326990,RUN
2582,NCBI,SRR1340415,RUN
2583,NCBI,SRR1330217,RUN
2584,NCBI,SRR1342333,RUN
2585,NCBI,SRR1326956,RUN
2586,NCBI,SRR1340400,RUN
2587,NCBI,SRR1326948,RUN
2588,NCBI,SRR1342361,RUN
2589,NCBI,SRR1329286,RUN
2590,NCBI,SRR1342182,RUN
2591,NCBI,SRR1303498,RUN
2592,NCBI,SRR1330201,RUN
2593,NCBI,SRR1330253,RUN
2594,NCBI,SRR1326993,RUN
2595,NCBI,SRR1342288,RUN
2596,NCBI,SRR1330220,RUN
2597,NCBI,SRR1330240,RUN
2598,NCBI,SRR1303500,RUN
2599,NCBI,SRR1303531,RUN
2600,NCBI,SRR1329308,RUN
2601,NCBI,SRR1342290,RUN
2602,NCBI,SRR1329227,RUN
2603,NCBI,SRR1344704,RUN
2604,NCBI,SRR1303557,RUN
2605,NCBI,SRR1303577,RUN
2606,NCBI,SRR1326985,RUN
2607,NCBI,SRR1344681,RUN
2608,NCBI,SRR1326977,RUN
2609,NCBI,SRR1342366,RUN
2610,NCBI,SRR1329277,RUN
2611,NCBI,SRR1342343,RUN
2612,NCBI,SRR1303538,RUN
2613,NCBI,SRR1329973,RUN
2614,NCBI,SRR1344764,RUN
2615,NCBI,SRR1326187,RUN
2616,NCBI,SRR1346353,RUN
2617,NCBI,SRR1329299,RUN
2618,NCBI,SRR1344801,RUN
2619,NCBI,SRR1326314,RUN
2620,NCBI,SRR1342180,RUN
2621,NCBI,SRR1330397,RUN
2622,NCBI,SRR1330407,RUN
2623,NCBI,SRR1328327,RUN
2624,NCBI,SRR1342328,RUN
2625,NCBI,SRR1326973,RUN
2626,NCBI,SRR1342386,RUN
2627,NCBI,SRR1328278,RUN
2628,NCBI,SRR1342119,RUN
2629,NCBI,SRR1326204,RUN
2630,NCBI,SRR1340406,RUN
2631,NCBI,SRR1329273,RUN
2632,NCBI,SRR1344685,RUN
2633,NCBI,SRR1329225,RUN
2634,NCBI,SRR1346373,RUN
2635,NCBI,SRR1330228,RUN
2636,NCBI,SRR1330401,RUN
2637,NCBI,SRR1303298,RUN
2638,NCBI,SRR1330211,RUN
2639,NCBI,SRR1330248,RUN
2640,NCBI,SRR1303267,RUN
2641,NCBI,SRR1329269,RUN
2642,NCBI,SRR1342145,RUN
2643,NCBI,SRR1342170,RUN
2644,NCBI,SRR1346375,RUN
2645,NCBI,SRR1326986,RUN
2646,NCBI,SRR1342167,RUN
2647,NCBI,SRR1346336,RUN
2648,NCBI,SRR1347545,RUN
2649,NCBI,SRR1303636,RUN
2650,NCBI,SRR1177879,RUN
2651,NCBI,SRR1177881,RUN
2652,NCBI,SRR1177882,RUN
2653,NCBI,SRR1177883,RUN
2654,NCBI,SRR1177884,RUN
2655,NCBI,SRR1177885,RUN
2656,NCBI,SRR1177887,RUN
2657,NCBI,SRR1177888,RUN
2658,NCBI,SRR1177889,RUN
2659,NCBI,SRR1177890,RUN
2660,NCBI,SRR1177891,RUN
2661,NCBI,SRR1177892,RUN
2662,NCBI,SRR1177893,RUN
2663,NCBI,SRR1177895,RUN
2664,NCBI,SRR1177896,RUN
2665,NCBI,SRR1177897,RUN
2666,NCBI,SRR1177898,RUN
2667,NCBI,SRR1177899,RUN
2668,NCBI,SRR1177900,RUN
2669,NCBI,SRR1177902,RUN
2670,NCBI,SRR1177903,RUN
2671,NCBI,SRR1177904,RUN
2672,NCBI,SRR1177906,RUN
2673,NCBI,SRR1177907,RUN
2674,NCBI,SRR1177908,RUN
2675,NCBI,SRR1177909,RUN
2676,NCBI,SRR1177911,RUN
2677,NCBI,SRR1177912,RUN
2678,NCBI,SRR1177913,RUN
2679,NCBI,SRR1177914,RUN
2680,NCBI,SRR1177916,RUN
2681,NCBI,SRR1177917,RUN
2682,NCBI,SRR1177918,RUN
2683,NCBI,SRR1177919,RUN
2684,NCBI,SRR1177920,RUN
2685,NCBI,SRR1177921,RUN
2686,NCBI,SRR1177922,RUN
2687,NCBI,SRR1177923,RUN
2688,NCBI,SRR1177924,RUN
2689,NCBI,SRR1177925,RUN
2690,NCBI,SRR1177926,RUN
2691,NCBI,SRR1177927,RUN
2692,NCBI,SRR1177928,RUN
2693,NCBI,SRR1177930,RUN
2694,NCBI,SRR1177931,RUN
2695,NCBI,SRR1177932,RUN
2696,NCBI,SRR1177935,RUN
2697,NCBI,SRR1177936,RUN
2698,NCBI,SRR1177937,RUN
2699,NCBI,SRR1177939,RUN
2700,NCBI,SRR1177940,RUN
2701,NCBI,SRR1177941,RUN
2702,NCBI,SRR1177942,RUN
2703,NCBI,SRR1177944,RUN
2704,NCBI,SRR1177945,RUN
2705,NCBI,SRR1177946,RUN
2706,NCBI,SRR1177947,RUN
2707,NCBI,SRR2101499,RUN
2708,NCBI,SRR3168638,RUN
2709,NCBI,SRR4417439,RUN
2710,NCBI,SRR6994965,RUN
2711,NCBI,SRR6994966,RUN
2712,NCBI,SRR6994967,RUN
2713,NCBI,SRR4417440,RUN
2714,NCBI,SRR6985636,RUN
2715,NCBI,SRR6985637,RUN
2716,NCBI,SRR6985638,RUN
2717,NCBI,SRR4417445,RUN
2718,NCBI,SRR4417446,RUN
2719,NCBI,SRR6985646,RUN
2720,NCBI,SRR6985647,RUN
2721,NCBI,SRR4417449,RUN
2722,NCBI,SRR6994982,RUN
2723,NCBI,SRR6994983,RUN
2724,NCBI,SRR6994984,RUN
2725,NCBI,SRR4417450,RUN
2726,NCBI,SRR6985644,RUN
2727,NCBI,SRR6985645,RUN
2728,NCBI,SRR4417451,RUN
2729,NCBI,SRR6985650,RUN
2730,NCBI,SRR6985651,RUN
2731,NCBI,SRR4417441,RUN
2732,NCBI,SRR6985723,RUN
2733,NCBI,SRR6985724,RUN
2734,NCBI,SRR4417442,RUN
2735,NCBI,SRR6985654,RUN
2736,NCBI,SRR6985655,RUN
2737,NCBI,SRR4417443,RUN
2738,NCBI,SRR6985733,RUN
2739,NCBI,SRR6985734,RUN
2740,NCBI,SRR4417444,RUN
2741,NCBI,SRR6985725,RUN
2742,NCBI,SRR6985726,RUN
2743,NCBI,SRR6985727,RUN
2744,NCBI,SRR5237408,RUN
2745,NCBI,SRR5432021,RUN
2746,NCBI,SRR6985700,RUN
2747,NCBI,SRR6985701,RUN
2748,NCBI,SRR6995005,RUN
2749,NCBI,SRR6995006,RUN
2750,NCBI,SRR6995007,RUN
2751,NCBI,SRR6995008,RUN
2752,NCBI,SRR6985702,RUN
2753,NCBI,SRR6985703,RUN
2754,NCBI,SRR6985704,RUN
2755,NCBI,SRR6985705,RUN
2756,NCBI,SRR6985706,RUN
2757,NCBI,SRR6985707,RUN
2758,NCBI,SRR6985708,RUN
2759,NCBI,SRR6985709,RUN
2760,NCBI,SRR6985710,RUN
2761,NCBI,SRR6985711,RUN
2762,NCBI,SRR6985739,RUN
2763,NCBI,SRR6985740,RUN
2764,NCBI,SRR6995017,RUN
2765,NCBI,SRR6995018,RUN
2766,NCBI,SRR6985712,RUN
2767,NCBI,SRR6985713,RUN
2768,NCBI,SRR6985714,RUN
2769,NCBI,SRR6985715,RUN
2770,NCBI,SRR6985716,RUN
2771,NCBI,SRR6985717,RUN
2772,NCBI,SRR6995019,RUN
2773,NCBI,SRR6995020,RUN
2774,NCBI,SRR6985718,RUN
2775,NCBI,SRR6985719,RUN
2776,NCBI,SRR7795233,RUN
2777,NCBI,SRR7795230,RUN
2778,NCBI,SRR7795229,RUN
2779,NCBI,SRR7795232,RUN
2780,NCBI,SRR7795231,RUN
2781,NCBI,SRR8756094,RUN
2782,ENA,ERR1069917,RUN
2783,ENA,ERR1069926,RUN
2784,ENA,ERR1069934,RUN
2785,ENA,ERR1069943,RUN
2786,ENA,ERR1069977,RUN
2787,ENA,ERR1069980,RUN
2788,ENA,ERR1069984,RUN
2789,ENA,ERR1069996,RUN
2790,ENA,ERR1070017,RUN
2791,ENA,ERR1070024,RUN
2792,ENA,ERR1070025,RUN
2793,ENA,ERR1070034,RUN
2794,ENA,ERR1070041,RUN
2795,ENA,ERR1069838,RUN
2796,ENA,ERR1069846,RUN
2797,ENA,ERR1069871,RUN
2798,ENA,ERR1069878,RUN
2799,ENA,ERR1069880,RUN
2800,ENA,ERR1069894,RUN
2801,ENA,ERR1069906,RUN
2802,ENA,ERR1070057,RUN
2803,ENA,ERR1070065,RUN
2804,ENA,ERR1070143,RUN
2805,ENA,ERR1070144,RUN
2806,NCBI,SRR1330205,RUN
2807,NCBI,SRR1346333,RUN
2808,NCBI,SRR1206476,RUN
2809,NCBI,SRR1206477,RUN
2810,NCBI,SRR1206478,RUN
2811,NCBI,SRR4417447,RUN
2812,NCBI,SRR6985639,RUN
2813,NCBI,SRR6985640,RUN
2814,NCBI,SRR4417448,RUN
2815,NCBI,SRR6985641,RUN
2816,NCBI,SRR6985642,RUN
2817,NCBI,SRR6985643,RUN
2818,NCBI,SRR4417452,RUN
2819,NCBI,SRR6985720,RUN
2820,NCBI,SRR6985721,RUN
2821,NCBI,SRR6985722,RUN
2822,ENA,ERR418318,RUN
2823,ENA,ERR418319,RUN
2824,ENA,ERR418320,RUN
2825,ENA,ERR418321,RUN
2826,ENA,ERR418322,RUN
2827,ENA,ERR418323,RUN
2828,ENA,ERR418324,RUN
2829,ENA,ERR418325,RUN
2830,ENA,ERR418326,RUN
2831,ENA,ERR418327,RUN
2832,ENA,ERR418328,RUN
2833,ENA,ERR418329,RUN
2834,ENA,ERR418330,RUN
2835,ENA,ERR418331,RUN
2836,ENA,ERR418332,RUN
2837,ENA,ERR418333,RUN
2838,ENA,ERR418334,RUN
2839,ENA,ERR418335,RUN
2840,ENA,ERR418336,RUN
2841,ENA,ERR418337,RUN
2842,ENA,ERR418338,RUN
2843,ENA,ERR418339,RUN
2844,ENA,ERR418340,RUN
2845,ENA,ERR418341,RUN
2846,ENA,ERR418342,RUN
2847,ENA,ERR418343,RUN
2848,ENA,ERR418344,RUN
2849,ENA,ERR418345,RUN
2850,ENA,ERR418346,RUN
2851,ENA,ERR418347,RUN
2852,ENA,ERR418348,RUN
2853,ENA,ERR418349,RUN
2854,ENA,ERR418350,RUN
2855,ENA,ERR418351,RUN
2856,ENA,ERR418352,RUN
2857,ENA,ERR418353,RUN
2858,ENA,ERR418354,RUN
2859,ENA,ERR418355,RUN
2860,ENA,ERR418356,RUN
2861,ENA,ERR418357,RUN
2862,ENA,ERR418358,RUN
2863,ENA,ERR418359,RUN
2864,ENA,ERR418360,RUN
2865,ENA,ERR418361,RUN
2866,ENA,ERR418362,RUN
2867,ENA,ERR418363,RUN
2868,ENA,ERR418364,RUN
2869,ENA,ERR418365,RUN
2870,ENA,ERR418366,RUN
2871,ENA,ERR418367,RUN
2872,ENA,ERR418368,RUN
2873,ENA,ERR418369,RUN
2874,ENA,ERR418370,RUN
2875,ENA,ERR418371,RUN
2876,ENA,ERR418372,RUN
2877,ENA,ERR418373,RUN
2878,ENA,ERR418374,RUN
2879,ENA,ERR418375,RUN
2880,ENA,ERR418376,RUN
2881,ENA,ERR418377,RUN
2882,ENA,ERR418378,RUN
2883,ENA,ERR418379,RUN
2884,ENA,ERR418380,RUN
2885,ENA,ERR418381,RUN
2886,ENA,ERR418382,RUN
2887,ENA,ERR418383,RUN
2888,ENA,ERR418384,RUN
2889,ENA,ERR418385,RUN
2890,ENA,ERR418386,RUN
2891,ENA,ERR418387,RUN
2892,ENA,ERR418388,RUN
2893,ENA,ERR418389,RUN
2894,ENA,ERR418390,RUN
2895,ENA,ERR418391,RUN
2896,ENA,ERR418392,RUN
2897,ENA,ERR418393,RUN
2898,ENA,ERR418394,RUN
2899,ENA,ERR418395,RUN
2900,ENA,ERR418396,RUN
2901,ENA,ERR418397,RUN
2902,ENA,ERR418398,RUN
2903,ENA,ERR418399,RUN
2904,ENA,ERR418400,RUN
2905,ENA,ERR418401,RUN
2906,ENA,ERR418402,RUN
2907,ENA,ERR418403,RUN
2908,ENA,ERR418405,RUN
2909,ENA,ERR418406,RUN
2910,ENA,ERR418407,RUN
2911,ENA,ERR418408,RUN
2912,ENA,ERR418409,RUN
2913,ENA,ERR418410,RUN
2914,ENA,ERR418411,RUN
2915,ENA,ERR418412,RUN
2916,ENA,ERR418413,RUN
2917,ENA,ERR418414,RUN
2918,ENA,ERR418415,RUN
2919,ENA,ERR418416,RUN
2920,ENA,ERR418417,RUN
2921,ENA,ERR418418,RUN
2922,ENA,ERR418419,RUN
2923,ENA,ERR418420,RUN
2924,ENA,ERR418421,RUN
2925,ENA,ERR418422,RUN
2926,ENA,ERR418423,RUN
2927,ENA,ERR418424,RUN
2928,ENA,ERR418425,RUN
2929,ENA,ERR418426,RUN
2930,ENA,ERR418427,RUN
2931,ENA,ERR418428,RUN
2932,ENA,ERR418429,RUN
2933,ENA,ERR418430,RUN
2934,ENA,ERR418431,RUN
2935,ENA,ERR418432,RUN
2936,ENA,ERR418433,RUN
2937,ENA,ERR418434,RUN
2938,ENA,ERR418436,RUN
2939,ENA,ERR418437,RUN
2940,ENA,ERR418438,RUN
2941,ENA,ERR418439,RUN
2942,ENA,ERR418440,RUN
2943,ENA,ERR418441,RUN
2944,ENA,ERR418442,RUN
2945,ENA,ERR418443,RUN
2946,ENA,ERR418444,RUN
2947,ENA,ERR418445,RUN
2948,ENA,ERR418446,RUN
2949,ENA,ERR418447,RUN
2950,ENA,ERR418448,RUN
2951,ENA,ERR418449,RUN
2952,ENA,ERR418450,RUN
2953,ENA,ERR418451,RUN
2954,ENA,ERR418452,RUN
2955,ENA,ERR418453,RUN
2956,ENA,ERR418454,RUN
2957,ENA,ERR418455,RUN
2958,ENA,ERR418456,RUN
2959,ENA,ERR418457,RUN
2960,ENA,ERR418458,RUN
2961,ENA,ERR418459,RUN
2962,ENA,ERR418460,RUN
2963,ENA,ERR418461,RUN
2964,ENA,ERR418462,RUN
2965,ENA,ERR418463,RUN
2966,ENA,ERR418464,RUN
2967,ENA,ERR418465,RUN
2968,ENA,ERR418466,RUN
2969,ENA,ERR418467,RUN
2970,ENA,ERR418468,RUN
2971,ENA,ERR418469,RUN
2972,ENA,ERR418470,RUN
2973,ENA,ERR418471,RUN
2974,ENA,ERR418472,RUN
2975,ENA,ERR418473,RUN
2976,ENA,ERR418474,RUN
2977,ENA,ERR418475,RUN
2978,ENA,ERR418476,RUN
2979,ENA,ERR418477,RUN
2980,ENA,ERR418478,RUN
2981,ENA,ERR418479,RUN
2982,ENA,ERR418482,RUN
2983,ENA,ERR418483,RUN
2984,ENA,ERR418484,RUN
2985,ENA,ERR418485,RUN
2986,ENA,ERR418487,RUN
2987,ENA,ERR418488,RUN
2988,ENA,ERR418489,RUN
2989,ENA,ERR418490,RUN
2990,ENA,ERR418491,RUN
2991,ENA,ERR418492,RUN
2992,ENA,ERR418493,RUN
2993,ENA,ERR418494,RUN
2994,ENA,ERR418495,RUN
2995,ENA,ERR418496,RUN
2996,ENA,ERR418497,RUN
2997,ENA,ERR418498,RUN
2998,ENA,ERR418499,RUN
2999,ENA,ERR418500,RUN
3000,ENA,ERR418501,RUN
3001,ENA,ERR418502,RUN
3002,ENA,ERR418503,RUN
3003,ENA,ERR418504,RUN
3004,ENA,ERR418505,RUN
3005,ENA,ERR418506,RUN
3006,ENA,ERR418507,RUN
3007,ENA,ERR418508,RUN
3008,ENA,ERR418509,RUN
3009,ENA,ERR418510,RUN
3010,ENA,ERR418511,RUN
3011,ENA,ERR418512,RUN
3012,ENA,ERR418513,RUN
3013,ENA,ERR418514,RUN
3014,ENA,ERR418515,RUN
3015,ENA,ERR418516,RUN
3016,ENA,ERR418517,RUN
3017,ENA,ERR418518,RUN
3018,ENA,ERR418519,RUN
3019,ENA,ERR418520,RUN
3020,ENA,ERR418521,RUN
3021,ENA,ERR418522,RUN
3022,ENA,ERR418524,RUN
3023,ENA,ERR418525,RUN
3024,ENA,ERR418526,RUN
3025,ENA,ERR418527,RUN
3026,ENA,ERR418528,RUN
3027,ENA,ERR418529,RUN
3028,ENA,ERR418530,RUN
3029,ENA,ERR418531,RUN
3030,ENA,ERR418532,RUN
3031,ENA,ERR418533,RUN
3032,ENA,ERR418534,RUN
3033,ENA,ERR418535,RUN
3034,ENA,ERR418536,RUN
3035,ENA,ERR418537,RUN
3036,ENA,ERR418538,RUN
3037,ENA,ERR418539,RUN
3038,ENA,ERR418540,RUN
3039,ENA,ERR418541,RUN
3040,ENA,ERR418542,RUN
3041,ENA,ERR418543,RUN
3042,ENA,ERR418544,RUN
3043,ENA,ERR418545,RUN
3044,ENA,ERR418546,RUN
3045,ENA,ERR418547,RUN
3046,ENA,ERR418548,RUN
3047,ENA,ERR418549,RUN
3048,ENA,ERR418550,RUN
3049,ENA,ERR418551,RUN
3050,ENA,ERR418552,RUN
3051,ENA,ERR418553,RUN
3052,ENA,ERR418554,RUN
3053,ENA,ERR418555,RUN
3054,ENA,ERR418557,RUN
3055,ENA,ERR418558,RUN
3056,ENA,ERR418559,RUN
3057,ENA,ERR418560,RUN
3058,ENA,ERR418561,RUN
3059,ENA,ERR418562,RUN
3060,ENA,ERR418563,RUN
3061,ENA,ERR418564,RUN
3062,ENA,ERR418565,RUN
3063,ENA,ERR418566,RUN
3064,ENA,ERR418567,RUN
3065,ENA,ERR418568,RUN
3066,ENA,ERR418569,RUN
3067,ENA,ERR418570,RUN
3068,ENA,ERR418571,RUN
3069,ENA,ERR418572,RUN
3070,ENA,ERR418573,RUN
3071,ENA,ERR418574,RUN
3072,ENA,ERR418575,RUN
3073,ENA,ERR418576,RUN
3074,ENA,ERR418577,RUN
3075,ENA,ERR418578,RUN
3076,ENA,ERR418579,RUN
3077,ENA,ERR418580,RUN
3078,ENA,ERR418581,RUN
3079,ENA,ERR418582,RUN
3080,ENA,ERR418583,RUN
3081,ENA,ERR418584,RUN
3082,ENA,ERR418585,RUN
3083,ENA,ERR418586,RUN
3084,ENA,ERR418587,RUN
3085,ENA,ERR418588,RUN
3086,ENA,ERR418589,RUN
3087,ENA,ERR418590,RUN
3088,ENA,ERR418591,RUN
3089,ENA,ERR418592,RUN
3090,ENA,ERR418593,RUN
3091,ENA,ERR418594,RUN
3092,ENA,ERR418595,RUN
3093,ENA,ERR418596,RUN
3094,ENA,ERR418597,RUN
3095,ENA,ERR418598,RUN
3096,ENA,ERR418599,RUN
3097,ENA,ERR418600,RUN
3098,ENA,ERR418601,RUN
3099,ENA,ERR418602,RUN
3100,ENA,ERR418603,RUN
3101,ENA,ERR418604,RUN
3102,ENA,ERR418605,RUN
3103,ENA,ERR418606,RUN
3104,ENA,ERR418607,RUN
3105,ENA,ERR418608,RUN
3106,ENA,ERR418609,RUN
3107,ENA,ERR418610,RUN
3108,ENA,ERR418611,RUN
3109,ENA,ERR418612,RUN
3110,ENA,ERR418613,RUN
3111,ENA,ERR418614,RUN
3112,ENA,ERR418615,RUN
3113,ENA,ERR418616,RUN
3114,ENA,ERR418617,RUN
3115,ENA,ERR418618,RUN
3116,ENA,ERR418619,RUN
3117,ENA,ERR418620,RUN
3118,ENA,ERR418621,RUN
3119,ENA,ERR418622,RUN
3120,ENA,ERR418623,RUN
3121,ENA,ERR418624,RUN
3122,ENA,ERR418625,RUN
3123,ENA,ERR418626,RUN
3124,ENA,ERR418627,RUN
3125,ENA,ERR418628,RUN
3126,ENA,ERR418629,RUN
3127,ENA,ERR418630,RUN
3128,ENA,ERR418631,RUN
3129,ENA,ERR418632,RUN
3130,ENA,ERR418633,RUN
3131,ENA,ERR418634,RUN
3132,ENA,ERR418635,RUN
3133,ENA,ERR418636,RUN
3134,ENA,ERR418637,RUN
3135,ENA,ERR418638,RUN
3136,ENA,ERR418639,RUN
3137,ENA,ERR418640,RUN
3138,ENA,ERR418641,RUN
3139,ENA,ERR418642,RUN
3140,ENA,ERR418643,RUN
3141,ENA,ERR418644,RUN
3142,ENA,ERR418645,RUN
3143,ENA,ERR418646,RUN
3144,ENA,ERR418647,RUN
3145,ENA,ERR418648,RUN
3146,ENA,ERR418649,RUN
3147,ENA,ERR418650,RUN
3148,ENA,ERR418651,RUN
3149,ENA,ERR418652,RUN
3150,ENA,ERR418653,RUN
3151,ENA,ERR418654,RUN
3152,ENA,ERR418655,RUN
3153,ENA,ERR418656,RUN
3154,ENA,ERR418657,RUN
3155,ENA,ERR418658,RUN
3156,ENA,ERR418659,RUN
3157,ENA,ERR418660,RUN
3158,ENA,ERR418661,RUN
3159,ENA,ERR418662,RUN
3160,ENA,ERR418663,RUN
3161,ENA,ERR418664,RUN
3162,ENA,ERR418665,RUN
3163,ENA,ERR418666,RUN
3164,ENA,ERR418667,RUN
3165,ENA,ERR418668,RUN
3166,ENA,ERR418669,RUN
3167,ENA,ERR418670,RUN
3168,ENA,ERR418671,RUN
3169,ENA,ERR418672,RUN
3170,ENA,ERR418673,RUN
3171,ENA,ERR418674,RUN
3172,ENA,ERR418675,RUN
3173,ENA,ERR418676,RUN
3174,ENA,ERR418677,RUN
3175,ENA,ERR418678,RUN
3176,ENA,ERR418679,RUN
3177,ENA,ERR418680,RUN
3178,ENA,ERR418683,RUN
3179,ENA,ERR418684,RUN
3180,ENA,ERR418685,RUN
3181,ENA,ERR418686,RUN
3182,ENA,ERR418687,RUN
3183,ENA,ERR418688,RUN
3184,ENA,ERR418689,RUN
3185,ENA,ERR418691,RUN
3186,ENA,ERR418692,RUN
3187,ENA,ERR418693,RUN
3188,ENA,ERR418694,RUN
3189,ENA,ERR418695,RUN
3190,ENA,ERR418696,RUN
3191,ENA,ERR418697,RUN
3192,ENA,ERR418698,RUN
3193,ENA,ERR418699,RUN
3194,ENA,ERR418700,RUN
3195,ENA,ERR418701,RUN
3196,ENA,ERR418702,RUN
3197,ENA,ERR418703,RUN
3198,ENA,ERR418704,RUN
3199,ENA,ERR418705,RUN
3200,ENA,ERR418706,RUN
3201,ENA,ERR418707,RUN
3202,ENA,ERR418708,RUN
3203,ENA,ERR418710,RUN
3204,ENA,ERR418711,RUN
3205,ENA,ERR418712,RUN
3206,ENA,ERR418713,RUN
3207,ENA,ERR418714,RUN
3208,ENA,ERR418715,RUN
3209,ENA,ERR418716,RUN
3210,ENA,ERR418717,RUN
3211,ENA,ERR418718,RUN
3212,ENA,ERR418719,RUN
3213,ENA,ERR418720,RUN
3214,ENA,ERR418721,RUN
3215,ENA,ERR418722,RUN
3216,ENA,ERR418724,RUN
3217,ENA,ERR418725,RUN
3218,ENA,ERR418726,RUN
3219,ENA,ERR418727,RUN
3220,ENA,ERR418728,RUN
3221,ENA,ERR418729,RUN
3222,ENA,ERR418730,RUN
3223,ENA,ERR418731,RUN
3224,ENA,ERR418733,RUN
3225,ENA,ERR418734,RUN
3226,ENA,ERR418735,RUN
3227,ENA,ERR418736,RUN
3228,ENA,ERR418737,RUN
3229,ENA,ERR418738,RUN
3230,ENA,ERR418739,RUN
3231,ENA,ERR418740,RUN
3232,ENA,ERR418741,RUN
3233,ENA,ERR418742,RUN
3234,ENA,ERR418743,RUN
3235,ENA,ERR418744,RUN
3236,ENA,ERR418745,RUN
3237,ENA,ERR418746,RUN
3238,ENA,ERR418747,RUN
3239,ENA,ERR418748,RUN
3240,ENA,ERR418749,RUN
3241,ENA,ERR418750,RUN
3242,ENA,ERR418751,RUN
3243,ENA,ERR418752,RUN
3244,ENA,ERR418753,RUN
3245,ENA,ERR418754,RUN
3246,ENA,ERR418755,RUN
3247,ENA,ERR418756,RUN
3248,ENA,ERR418757,RUN
3249,ENA,ERR418758,RUN
3250,ENA,ERR418759,RUN
3251,ENA,ERR418760,RUN
3252,ENA,ERR418761,RUN
3253,ENA,ERR418762,RUN
3254,ENA,ERR418763,RUN
3255,ENA,ERR418764,RUN
3256,ENA,ERR418765,RUN
3257,ENA,ERR418766,RUN
3258,ENA,ERR418767,RUN
3259,ENA,ERR418768,RUN
3260,ENA,ERR418769,RUN
3261,ENA,ERR418770,RUN
3262,ENA,ERR418771,RUN
3263,ENA,ERR418772,RUN
3264,ENA,ERR418773,RUN
3265,ENA,ERR418774,RUN
3266,ENA,ERR418775,RUN
3267,ENA,ERR418776,RUN
3268,ENA,ERR418777,RUN
3269,ENA,ERR418778,RUN
3270,ENA,ERR418779,RUN
3271,ENA,ERR418780,RUN
3272,ENA,ERR418781,RUN
3273,ENA,ERR418782,RUN
3274,ENA,ERR418783,RUN
3275,ENA,ERR418784,RUN
3276,ENA,ERR418785,RUN
3277,ENA,ERR418786,RUN
3278,ENA,ERR418787,RUN
3279,ENA,ERR418788,RUN
3280,ENA,ERR418790,RUN
3281,ENA,ERR418791,RUN
3282,ENA,ERR418792,RUN
3283,ENA,ERR418793,RUN
3284,ENA,ERR418794,RUN
3285,ENA,ERR418795,RUN
3286,ENA,ERR418796,RUN
3287,ENA,ERR418797,RUN
3288,ENA,ERR418798,RUN
3289,ENA,ERR418799,RUN
3290,ENA,ERR418800,RUN
3291,ENA,ERR418801,RUN
3292,ENA,ERR418802,RUN
3293,ENA,ERR418803,RUN
3294,ENA,ERR418804,RUN
3295,ENA,ERR418805,RUN
3296,ENA,ERR418806,RUN
3297,ENA,ERR418808,RUN
3298,ENA,ERR418809,RUN
3299,ENA,ERR418810,RUN
3300,ENA,ERR418811,RUN
3301,ENA,ERR418812,RUN
3302,ENA,ERR418813,RUN
3303,ENA,ERR418814,RUN
3304,ENA,ERR418815,RUN
3305,ENA,ERR418816,RUN
3306,ENA,ERR418817,RUN
3307,ENA,ERR418818,RUN
