Assembly,Level,WGS,Accession number,Strain,Taxonomy,Strain name,MIC ciprofloxacin
GCA_003633515.1,Contig,QZXD00000000,SAMN09477940,VET-58,Pseudomonas aeruginosa,PA2_E4,0.125
GCA_003633345.1,Contig,QZXX00000000,SAMN09477960,HUM-387,Pseudomonas aeruginosa,PA2_C8,0.125
GCA_003633465.1,Contig,QZXN00000000,SAMN09477950,VET-124,Pseudomonas aeruginosa,PA4_H4,0.19
GCA_003633495.1,Contig,QZXH00000000,SAMN09477944,ENV-567,Pseudomonas aeruginosa,PA4_G3,0.125
GCA_003633445.1,Contig,QZXO00000000,SAMN09477951,ENV-454,Pseudomonas aeruginosa,PA4_H2,0.125
GCA_003633435.1,Contig,QZXP00000000,SAMN09477952,ENV-480,Pseudomonas aeruginosa,PA4_B3,0.19
GCA_003633405.1,Contig,QZXS00000000,SAMN09477955,ENV-568,Pseudomonas aeruginosa,PA4_H3,NA
GCA_003633395.1,Contig,QZXT00000000,SAMN09477956,ENV-569,Pseudomonas aeruginosa,PA4_A4,0.125
GCA_003633365.1,Contig,QZXV00000000,SAMN09477958,HUM-296,Pseudomonas aeruginosa,PA3_C8,0.125
GCA_003633335.1,Contig,QZXY00000000,SAMN09477961,ENV-245,Pseudomonas aeruginosa,PA2_D2,0.125
GCA_003633235.1,Contig,QZYK00000000,SAMN09477973,ENV-208,Pseudomonas aeruginosa,PA2_A2,0.125
GCA_003633295.1,Contig,QZXZ00000000,SAMN09477962,VET-27,Pseudomonas aeruginosa,PA3_G11,NA
GCA_003633285.1,Contig,QZYA00000000,SAMN09477963,HUM-227,Pseudomonas aeruginosa,PA3_C1,32
GCA_003633255.1,Contig,QZYB00000000,SAMN09477964,HUM-534,Pseudomonas aeruginosa,PA4_F2,0.094
GCA_003633245.1,Contig,QZYF00000000,SAMN09477968,HUM-301,Pseudomonas aeruginosa,PA3_G8,32
GCA_003633185.1,Contig,QZYV00000000,SAMN09477984,HUM-342,Pseudomonas aeruginosa,7P3,0.125
GCA_003633195.1,Contig,QZYP00000000,SAMN09477978,HUM-282,Pseudomonas aeruginosa,PA3_H6,NA
GCA_003633175.1,Contig,QZYY00000000,SAMN09477987,HUM-256,Pseudomonas aeruginosa,PA3_B4,0.5
GCA_003633135.1,Contig,QZZB00000000,SAMN09477990,HUM-236,Pseudomonas aeruginosa,PA3_B2,1
GCA_003633125.1,Contig,QZZC00000000,SAMN09477991,VET-24,Pseudomonas aeruginosa,6D9,NA
GCA_003633115.1,Contig,QZZD00000000,SAMN09477992,HUM-258,Pseudomonas aeruginosa,PA3_D4,NA
GCA_003633055.1,Contig,QZZK00000000,SAMN09477999,VET-61,Pseudomonas aeruginosa,PA2_H4,0.25
GCA_003633065.1,Contig,QZZI00000000,SAMN09477997,HUM-331,Pseudomonas aeruginosa,6.00E+05,0.25
GCA_003633075.1,Contig,QZZE00000000,SAMN09477993,HUM-321-D1,Pseudomonas aeruginosa,PA3_G10,1
GCA_003633025.1,Contig,QZZL00000000,SAMN09478000,VET-64,Pseudomonas aeruginosa,PA2_B7,32
GCA_003633015.1,Contig,QZZM00000000,SAMN09478001,VET-56,Pseudomonas aeruginosa,PA2_C4,0.125
GCA_003632955.1,Contig,QZZP00000000,SAMN09478004,HUM-389,Pseudomonas aeruginosa,PA2_E8,0.25
GCA_003632965.1,Contig,QZZO00000000,SAMN09478003,VET-31,Pseudomonas aeruginosa,6F9,2
GCA_003632975.1,Contig,QZZN00000000,SAMN09478002,HUM-336,Pseudomonas aeruginosa,6F1,0.19
GCA_003632915.1,Contig,QZZX00000000,SAMN09478012,HUM-311-D1,Pseudomonas aeruginosa,6B5,0.094
GCA_003632905.1,Contig,RAAE00000000,SAMN09478019,HUM-244,Pseudomonas aeruginosa,PA3_H2,0.19
GCA_003632895.1,Contig,RAAF00000000,SAMN09478020,HUM-10,Pseudomonas aeruginosa,1D3a,32
GCA_003632815.1,Contig,RAAT00000000,SAMN09478034,HUM-319-D2,Pseudomonas aeruginosa,PA2_C5,NA
GCA_003632845.1,Contig,RAAN00000000,SAMN09478028,HUM-275-D1,Pseudomonas aeruginosa,PA3_C6,NA
GCA_003632765.1,Contig,QZXC00000000,SAMN09477939,VET-60,Pseudomonas aeruginosa,PA2_G4,0.25
GCA_003632865.1,Contig,RAAJ00000000,SAMN09478024,HUM-274,Pseudomonas aeruginosa,PA3_B6,0.125
GCA_003632825.1,Contig,RAAO00000000,SAMN09478029,HUM-269,Pseudomonas aeruginosa,PA3_E5,0.125
GCA_003632755.1,Contig,QZXE00000000,SAMN09477941,VET-73,Pseudomonas aeruginosa,PA2_B9,0.125
GCA_003632685.1,Contig,QZXJ00000000,SAMN09477946,ENV-550,Pseudomonas aeruginosa,PA4_C3,0.19
GCA_003632615.1,Contig,QZXL00000000,SAMN09477948,VET-69,Pseudomonas aeruginosa,PA2_G7,0.125
GCA_003632725.1,Contig,QZXF00000000,SAMN09477942,ENV-566,Pseudomonas aeruginosa,PA4_F3,0.094
GCA_003632705.1,Contig,QZXG00000000,SAMN09477943,ENV-551,Pseudomonas aeruginosa,PA4_D3,0.125
GCA_003632625.1,Contig,QZXM00000000,SAMN09477949,VET-68,Pseudomonas aeruginosa,PA2_F7,0.064
GCA_003632585.1,Contig,QZXQ00000000,SAMN09477953,HUM-250,Pseudomonas aeruginosa,5D7,0.5
GCA_003632635.1,Contig,QZXK00000000,SAMN09477947,HUM-242,Pseudomonas aeruginosa,PA3_F2,NA
GCA_003632555.1,Contig,QZXU00000000,SAMN09477957,VET-123,Pseudomonas aeruginosa,PA4_G4,>32
GCA_003632575.1,Contig,QZXR00000000,SAMN09477954,ENV-570,Pseudomonas aeruginosa,PA4_B4,NA
GCA_003632505.1,Contig,QZYC00000000,SAMN09477965,HUM-373,Pseudomonas aeruginosa,PA2_E6,0.25
GCA_003632525.1,Contig,QZXW00000000,SAMN09477959,HUM-229,Pseudomonas aeruginosa,PA3_E1,0.125
GCA_003632495.1,Contig,QZYD00000000,SAMN09477966,HUM-350,Pseudomonas aeruginosa,PA2_F3,0.25
GCA_003632395.1,Contig,QZYJ00000000,SAMN09477972,HUM-372,Pseudomonas aeruginosa,PA2_D6,0.5
GCA_003632455.1,Contig,QZYE00000000,SAMN09477967,ENV-94,Pseudomonas aeruginosa,PA2_D1,0.125
GCA_003632465.1,Contig,QZYG00000000,SAMN09477969,HUM-247,Pseudomonas aeruginosa,5D4,1
GCA_003632415.1,Contig,QZYH00000000,SAMN09477970,HUM-246,Pseudomonas aeruginosa,PA3_B3,0.25
GCA_003632405.1,Contig,QZYI00000000,SAMN09477971,HUM-260,Pseudomonas aeruginosa,PA3_E4,32
GCA_003632355.1,Contig,QZYL00000000,SAMN09477974,ENV-227,Pseudomonas aeruginosa,PA2_C2,0.125
GCA_003632345.1,Contig,QZYM00000000,SAMN09477975,ENV-209,Pseudomonas aeruginosa,PA2_B2,0.125
GCA_003632335.1,Contig,QZYN00000000,SAMN09477976,HUM-322-D2,Pseudomonas aeruginosa,PA2_B5,NA
GCA_003632215.1,Contig,QZYU00000000,SAMN09477983,HUM-343,Pseudomonas aeruginosa,1P3,0.094
GCA_003632315.1,Contig,QZYO00000000,SAMN09477977,HUM-322-D1,Pseudomonas aeruginosa,PA3_H10,0.064
GCA_003632295.1,Contig,QZYQ00000000,SAMN09477979,ENV-247,Pseudomonas aeruginosa,PA2_F2,32
GCA_003632005.1,Contig,QZZR00000000,SAMN09478006,HUM-12-D1,Pseudomonas aeruginosa,1D3b,0.19
GCA_003632265.1,Contig,QZYR00000000,SAMN09477980,ENV-246,Pseudomonas aeruginosa,PA2_E2,32
GCA_003632235.1,Contig,QZYS00000000,SAMN09477981,ENV-205,Pseudomonas aeruginosa,PA2_G1,>32
GCA_003632225.1,Contig,QZYT00000000,SAMN09477982,HUM-270,Pseudomonas aeruginosa,PA3_F5,32
GCA_003632165.1,Contig,QZYX00000000,SAMN09477986,HUM-254,Pseudomonas aeruginosa,PA3_H3,32
GCA_003632185.1,Contig,QZYW00000000,SAMN09477985,HUM-283,Pseudomonas aeruginosa,PA3_A7,8
GCA_003632125.1,Contig,QZZA00000000,SAMN09477989,HUM-237,Pseudomonas aeruginosa,5C3,2
GCA_003632155.1,Contig,QZYZ00000000,SAMN09477988,HUM-231,Pseudomonas aeruginosa,PA3_G1,32
GCA_003632075.1,Contig,QZZG00000000,SAMN09477995,HUM-396,Pseudomonas aeruginosa,PA2_D9,0.125
GCA_003632115.1,Contig,QZZF00000000,SAMN09477994,HUM-321-D2,Pseudomonas aeruginosa,PA2_A5,NA
GCA_003632055.1,Contig,QZZH00000000,SAMN09477996,HUM-375,Pseudomonas aeruginosa,PA2_G6,32
GCA_003632045.1,Contig,QZZJ00000000,SAMN09477998,HUM-294,Pseudomonas aeruginosa,5I6,1
GCA_003632025.1,Contig,QZZQ00000000,SAMN09478005,HUM-13,Pseudomonas aeruginosa,1D6,32
GCA_003631985.1,Contig,QZZS00000000,SAMN09478007,HUM-323-D1,Pseudomonas aeruginosa,PA3_A11,4
GCA_003631965.1,Contig,QZZT00000000,SAMN09478008,HUM-312-D1,Pseudomonas aeruginosa,PA3_H9,0.5
GCA_003631955.1,Contig,QZZU00000000,SAMN09478009,HUM-243,Pseudomonas aeruginosa,PA3_G2,0.125
GCA_003631925.1,Contig,QZZV00000000,SAMN09478010,HUM-280,Pseudomonas aeruginosa,PA3_G6,0.19
GCA_003631905.1,Contig,QZZW00000000,SAMN09478011,HUM-262,Pseudomonas aeruginosa,PA3_G4,0.19
GCA_003631895.1,Contig,QZZY00000000,SAMN09478013,HUM-277,Pseudomonas aeruginosa,5G7,NA
GCA_003631815.1,Contig,RAAD00000000,SAMN09478017,HUM-311-D2,Pseudomonas aeruginosa,PA2_A6,NA
GCA_003631865.1,Contig,QZZZ00000000,SAMN09478014,HUM-281,Pseudomonas aeruginosa,5H2,0.064
GCA_003631845.1,Contig,RAAA00000000,SAMN09478015,HUM-259,Pseudomonas aeruginosa,5.00E+07,32
GCA_003631785.1,Contig,RAAB00000000,SAMN09478018,HUM-12-D2,Pseudomonas aeruginosa,PA3_A3,NA
GCA_003631825.1,Contig,RAAC00000000,SAMN09478016,HUM-264,Pseudomonas aeruginosa,PA3_A5,0.25
GCA_003631775.1,Contig,RAAG00000000,SAMN09478021,HUM-338,Pseudomonas aeruginosa,6F3,0.19
GCA_003631755.1,Contig,RAAH00000000,SAMN09478022,HUM-279,Pseudomonas aeruginosa,PA3_F6,0.125
GCA_003631695.1,Contig,RAAK00000000,SAMN09478025,HUM-323-D2,Pseudomonas aeruginosa,PA2_H9,NA
GCA_003631685.1,Contig,RAAM00000000,SAMN09478027,HUM-275-D2,Pseudomonas aeruginosa,PA2_C6,0.064
GCA_003631735.1,Contig,RAAI00000000,SAMN09478023,HUM-320-D1,Pseudomonas aeruginosa,PA3_F10,0.38
GCA_003631675.1,Contig,RAAL00000000,SAMN09478026,VET-28,Pseudomonas aeruginosa,PA2_G12,0.125
GCA_003631625.1,Contig,RAAQ00000000,SAMN09478031,HUM-335,Pseudomonas aeruginosa,6.00E+09,0.19
GCA_003631615.1,Contig,RAAR00000000,SAMN09478032,HUM-240,Pseudomonas aeruginosa,5C6,0.19
GCA_003631635.1,Contig,RAAP00000000,SAMN09478030,HUM-238,Pseudomonas aeruginosa,PA3_C2,0.25
GCA_003631595.1,Contig,RAAS00000000,SAMN09478033,HUM-319-D1,Pseudomonas aeruginosa,PA3_E10,0.125
GCA_003631495.1,Contig,RAAY00000000,SAMN09478039,VET-70,Pseudomonas aeruginosa,PA2_G8,0.125
GCA_003631575.1,Contig,RAAU00000000,SAMN09478035,HUM-273,Pseudomonas aeruginosa,PA3_A6,0.25
GCA_003631555.1,Contig,RAAV00000000,SAMN09478036,HUM-263,Pseudomonas aeruginosa,PA3_H4,24
GCA_003631505.1,Contig,RAAX00000000,SAMN09478038,VET-122,Pseudomonas aeruginosa,PA4_F4,0.094
GCA_003631515.1,Contig,RAAW00000000,SAMN09478037,VET-47,Pseudomonas aeruginosa,PA4_B2,0.094
GCA_003631455.1,Contig,RAAZ00000000,SAMN09478040,HUM-334,Pseudomonas aeruginosa,6.00E+08,0.094
GCA_003631445.1,Contig,RABA00000000,SAMN09478041,HUM-253,Pseudomonas aeruginosa,PA3_G3,4
GCA_003631435.1,Contig,RABB00000000,SAMN09478042,HUM-257,Pseudomonas aeruginosa,PA3_C4,4
GCA_003631375.1,Contig,RABD00000000,SAMN09478044,VET-77,Pseudomonas aeruginosa,PA2_D10,2
GCA_003631355.1,Contig,RABF00000000,SAMN09478046,VET-44,Pseudomonas aeruginosa,PA4_G1,>32
GCA_003631405.1,Contig,RABC00000000,SAMN09478043,VET-49,Pseudomonas aeruginosa,PA4_D2,0.38
GCA_003631365.1,Contig,RABE00000000,SAMN09478045,VET-39-D2,Pseudomonas aeruginosa,PA4_B1,NA
GCA_003631315.1,Contig,RABG00000000,SAMN09478047,HUM-341,Pseudomonas aeruginosa,7P1,0.125
GCA_003631295.1,Contig,RABI00000000,SAMN09478049,HUM-7,Pseudomonas aeruginosa,1C9,0.25
GCA_003631305.1,Contig,RABH00000000,SAMN09478048,HUM-255,Pseudomonas aeruginosa,PA3_A4,0.064
GCA_003631265.1,Contig,RABJ00000000,SAMN09478050,HUM-241,Pseudomonas aeruginosa,PA3_E2,NA
GCA_003631245.1,Contig,RABK00000000,SAMN09478051,HUM-278,Pseudomonas aeruginosa,PA3_E6,NA
GCA_003631145.1,Contig,RABO00000000,SAMN09478055,ENV-681,Pseudomonas aeruginosa,PA4_B5,NA
GCA_003631235.1,Contig,RABL00000000,SAMN09478052,HUM-398,Pseudomonas aeruginosa,PA2_F9,32
GCA_003631205.1,Contig,RABM00000000,SAMN09478053,ENV-682,Pseudomonas aeruginosa,PA4_C5,NA
GCA_003631195.1,Contig,RABN00000000,SAMN09478054,ENV-683,Pseudomonas aeruginosa,PA4_D5,NA
GCA_003631155.1,Contig,RABP00000000,SAMN09478056,VET-63,Pseudomonas aeruginosa,PA2_A7,0.19
GCA_003631095.1,Contig,RABS00000000,SAMN09478059,HUM-351,Pseudomonas aeruginosa,PA2_G3,0.125
GCA_003631035.1,Contig,RABU00000000,SAMN09478061,HUM-349,Pseudomonas aeruginosa,PA2_E3,0.38
GCA_003631105.1,Contig,RABR00000000,SAMN09478058,HUM-233,Pseudomonas aeruginosa,5B8,0.125
GCA_003631115.1,Contig,RABQ00000000,SAMN09478057,HUM-290,Pseudomonas aeruginosa,PA3_G7,32
GCA_003631025.1,Contig,RABV00000000,SAMN09478062,HUM-385,Pseudomonas aeruginosa,PA2_A8,0.25
GCA_003631075.1,Contig,RABT00000000,SAMN09478060,HUM-284,Pseudomonas aeruginosa,PA3_B7,8
GCA_003630985.1,Contig,RABX00000000,SAMN09478064,HUM-307,Pseudomonas aeruginosa,6B1,16
GCA_003630975.1,Contig,RABY00000000,SAMN09478065,HUM-310,Pseudomonas aeruginosa,PA3_G9,16
GCA_003630925.1,Contig,RACB00000000,SAMN09478068,HUM-317-D2,Pseudomonas aeruginosa,PA2_E5,NA
GCA_003630995.1,Contig,RABW00000000,SAMN09478063,HUM-297,Pseudomonas aeruginosa,PA3_D8,0.5
GCA_003630915.1,Contig,RACA00000000,SAMN09478067,HUM-397,Pseudomonas aeruginosa,PA2_E9,32
GCA_003630935.1,Contig,RABZ00000000,SAMN09478066,HUM-309,Pseudomonas aeruginosa,PA3_F9,32
GCA_003630785.1,Contig,RACH00000000,SAMN09478074,HUM-352,Pseudomonas aeruginosa,PA2_H3,32
GCA_003630895.1,Contig,RACC00000000,SAMN09478069,HUM-287,Pseudomonas aeruginosa,PA3_D7,8
GCA_003630865.1,Contig,RACD00000000,SAMN09478070,HUM-266,Pseudomonas aeruginosa,PA3_C5,32
GCA_003630855.1,Contig,RACE00000000,SAMN09478071,HUM-317-D1,Pseudomonas aeruginosa,PA3_C10,4
GCA_003630805.1,Contig,RACG00000000,SAMN09478073,HUM-239,Pseudomonas aeruginosa,PA3_D2,32
GCA_003630815.1,Contig,RACF00000000,SAMN09478072,HUM-248,Pseudomonas aeruginosa,PA3_C3,6
GCA_003630775.1,Contig,RACI00000000,SAMN09478075,HUM-292,Pseudomonas aeruginosa,PA3_H7,12
GCA_003630725.1,Contig,RACK00000000,SAMN09478077,HUM-249,Pseudomonas aeruginosa,PA3_D3,16
GCA_003630705.1,Contig,RACL00000000,SAMN09478078,VET-52,Pseudomonas aeruginosa,PA2_C3,0.094
GCA_003630695.1,Contig,RACM00000000,SAMN09478079,HUM-252,Pseudomonas aeruginosa,PA3_F3,0.25
GCA_003630665.1,Contig,RACN00000000,SAMN09478080,ENV-203,Pseudomonas aeruginosa,PA2_E1,0.19
GCA_003630645.1,Contig,RACP00000000,SAMN09478082,HUM-8 repl1,Pseudomonas aeruginosa,PA3_A1,32
GCA_003630505.1,Contig,RACV00000000,SAMN09478088,VET-62,Pseudomonas aeruginosa,PA2_H6,0.125
GCA_003630635.1,Contig,RACO00000000,SAMN09478081,VET-21,Pseudomonas aeruginosa,6D6,NA
GCA_003630615.1,Contig,RACQ00000000,SAMN09478083,HUM-9 repl1,Pseudomonas aeruginosa,7D2,32
GCA_003630585.1,Contig,RACR00000000,SAMN09478084,HUM-11,Pseudomonas aeruginosa,1D4,0.064
GCA_003630575.1,Contig,RACS00000000,SAMN09478085,HUM-8 repl2,Pseudomonas aeruginosa,7D1,32
GCA_003630555.1,Contig,RACT00000000,SAMN09478086,HUM-9 repl2,Pseudomonas aeruginosa,PA3_B1,32
GCA_003630525.1,Contig,RACU00000000,SAMN09478087,HUM-293,Pseudomonas aeruginosa,PA3_A8,2
GCA_003630485.1,Contig,RACW00000000,SAMN09478089,VET-30,Pseudomonas aeruginosa,PA2_H12,0.125
GCA_003630455.1,Contig,RACY00000000,SAMN09478091,VET-29,Pseudomonas aeruginosa,6F7,0.25
GCA_003630375.1,Contig,RADB00000000,SAMN09478094,HUM-314-D2,Pseudomonas aeruginosa,PA2_G9,NA
GCA_003630435.1,Contig,RACZ00000000,SAMN09478092,HUM-261,Pseudomonas aeruginosa,PA3_F4,0.125
GCA_003630415.1,Contig,RADA00000000,SAMN09478093,HUM-314-D1,Pseudomonas aeruginosa,PA3_A10,0.064
GCA_003630295.1,Contig,RADF00000000,SAMN09478098,VET-55,Pseudomonas aeruginosa,PA2_B4,0.094
GCA_003630365.1,Contig,RADC00000000,SAMN09478095,VET-32,Pseudomonas aeruginosa,6G1,0.125
GCA_003630285.1,Contig,RADG00000000,SAMN09478099,VET-78,Pseudomonas aeruginosa,PA4_G2,0.125
GCA_003630335.1,Contig,RADE00000000,SAMN09478097,VET-40,Pseudomonas aeruginosa,PA4_C1,0.19
GCA_003630185.1,Contig,RADL00000000,SAMN09478104,HUM-316-D2,Pseudomonas aeruginosa,PA2_H5,NA
GCA_003630275.1,Contig,RADH00000000,SAMN09478100,HUM-267,Pseudomonas aeruginosa,PA3_D5,32
GCA_003630225.1,Contig,RADJ00000000,SAMN09478102,VET-38-D1,Pseudomonas aeruginosa,PA2_F8,0.125
GCA_003630235.1,Contig,RADI00000000,SAMN09478101,VET-43,Pseudomonas aeruginosa,PA4_F1,0.125
GCA_003630195.1,Contig,RADK00000000,SAMN09478103,HUM-337,Pseudomonas aeruginosa,6F7,0.094
GCA_003630125.1,Contig,RADO00000000,SAMN09478107,HUM-374,Pseudomonas aeruginosa,PA2_F6,0.125
GCA_003630175.1,Contig,RADM00000000,SAMN09478105,HUM-316-D1,Pseudomonas aeruginosa,PA3_B10,0.094
GCA_003630105.1,Contig,RADP00000000,SAMN09478108,HUM-276,Pseudomonas aeruginosa,PA3_D6,1
GCA_003630155.1,Contig,RADN00000000,SAMN09478106,HUM-268,Pseudomonas aeruginosa,5F7,0.75
GCA_003630095.1,Contig,RADQ00000000,SAMN09478109,VET-35,Pseudomonas aeruginosa,PA2_A1,0.19
GCA_003630035.1,Contig,RADT00000000,SAMN09478112,HUM-401,Pseudomonas aeruginosa,PA2_A10,0.125
GCA_003630055.1,Contig,RADR00000000,SAMN09478110,VET-75,Pseudomonas aeruginosa,PA2_B10,0.125
GCA_003630045.1,Contig,RADS00000000,SAMN09478111,VET-76,Pseudomonas aeruginosa,PA2_C10,32
GCA_003629975.1,Contig,RADW00000000,SAMN09478115,HUM-318-D2,Pseudomonas aeruginosa,PA2_F5,NA
GCA_003629995.1,Contig,RADU00000000,SAMN09478113,VET-120,Pseudomonas aeruginosa,PA4_D4,0.125
GCA_003629985.1,Contig,RADV00000000,SAMN09478114,HUM-272,Pseudomonas aeruginosa,PA3_H5,1
GCA_003629865.1,Contig,RAEB00000000,SAMN09478120,VET-37,Pseudomonas aeruginosa,PA2_B1,0.125
GCA_003629955.1,Contig,RADX00000000,SAMN09478116,HUM-318-D1,Pseudomonas aeruginosa,PA3_D10,0.125
GCA_003629935.1,Contig,RADY00000000,SAMN09478117,HUM-329,Pseudomonas aeruginosa,PA3_E11,NA
GCA_003629895.1,Contig,RADZ00000000,SAMN09478118,HUM-315-D2,Pseudomonas aeruginosa,PA2_G5,NA
GCA_003629885.1,Contig,RAEA00000000,SAMN09478119,HUM-315-D1,Pseudomonas aeruginosa,6B9,16
GCA_003629815.1,Contig,RAED00000000,SAMN09478122,VET-48,Pseudomonas aeruginosa,PA4_C2,1
GCA_003629845.1,Contig,RAEC00000000,SAMN09478121,HUM-300,Pseudomonas aeruginosa,PA3_F8,16
GCA_003629795.1,Contig,RAEF00000000,SAMN09478124,HUM-298,Pseudomonas aeruginosa,6A1,32
GCA_003629805.1,Contig,RAEE00000000,SAMN09478123,HUM-299,Pseudomonas aeruginosa,PA3_E8,0.5
GCA_003629685.1,Contig,RAEK00000000,SAMN09478129,HUM-232,Pseudomonas aeruginosa,5B7,1
GCA_003629765.1,Contig,RAEG00000000,SAMN09478125,HUM-288,Pseudomonas aeruginosa,PA3_E7,0.5
GCA_003629755.1,Contig,RAEI00000000,SAMN09478127,VET-125,Pseudomonas aeruginosa,PA4_A5,0.125
GCA_003629735.1,Contig,RAEH00000000,SAMN09478126,HUM-285,Pseudomonas aeruginosa,5H6,1.5
GCA_003629675.1,Contig,RAEL00000000,SAMN09478130,VET-45,Pseudomonas aeruginosa,PA4_H1,0.19
GCA_003629695.1,Contig,RAEJ00000000,SAMN09478128,VET-22,Pseudomonas aeruginosa,6D7,NA
GCA_003629625.1,Contig,RAEN00000000,SAMN09478132,VET-65,Pseudomonas aeruginosa,PA2_C7,0.25
GCA_003629605.1,Contig,RAEO00000000,SAMN09478133,VET-66,Pseudomonas aeruginosa,PA2_D7,0.5
GCA_003629655.1,Contig,RAEM00000000,SAMN09478131,VET-46,Pseudomonas aeruginosa,PA4_A2,0.125
GCA_003629595.1,Contig,RAEP00000000,SAMN09478134,VET-67,Pseudomonas aeruginosa,PA2_E7,1
GCA_003629555.1,Contig,RAEQ00000000,SAMN09478135,VET-50,Pseudomonas aeruginosa,PA2_A3,0.125
GCA_003629545.1,Contig,RAER00000000,SAMN09478136,VET-53,Pseudomonas aeruginosa,PA2_D3,0.19
GCA_003629535.1,Contig,RAES00000000,SAMN09478137,VET-51,Pseudomonas aeruginosa,PA2_B3,0.19
GCA_003629485.1,Contig,RAEV00000000,SAMN09478140,VET-25,Pseudomonas aeruginosa,6.00E+01,NA
GCA_003629515.1,Contig,RAET00000000,SAMN09478138,HUM-305,Pseudomonas aeruginosa,PA3_C9,0.5
GCA_003629445.1,Contig,RAEW00000000,SAMN09478141,VET-59,Pseudomonas aeruginosa,PA2_F4,32
GCA_003629475.1,Contig,RAEU00000000,SAMN09478139,HUM-295,Pseudomonas aeruginosa,PA3_B8,0.38
GCA_003629385.1,Contig,RAEZ00000000,SAMN09478144,ENV-206,Pseudomonas aeruginosa,PA2_H1,0.125
GCA_003629435.1,Contig,RAEX00000000,SAMN09478142,HUM-386,Pseudomonas aeruginosa,PA2_B8,0.5
GCA_003629375.1,Contig,RAFA00000000,SAMN09478145,ENV-204,Pseudomonas aeruginosa,PA2_F1,0.19
GCA_003629395.1,Contig,RAEY00000000,SAMN09478143,HUM-344,Pseudomonas aeruginosa,1P4,0.25
GCA_003629345.1,Contig,RAFB00000000,SAMN09478146,VET-41,Pseudomonas aeruginosa,PA4_D1,0.19
GCA_003629335.1,Contig,RAFC00000000,SAMN09478147,HUM-265,Pseudomonas aeruginosa,PA3_B5,0.125
GCA_003629295.1,Contig,RAFD00000000,SAMN09478148,VET-72,Pseudomonas aeruginosa,PA2_A9,0.19
GCA_003629285.1,Contig,RAFE00000000,SAMN09478149,HUM-330,Pseudomonas aeruginosa,PA2_E12,NA
GCA_003629275.1,Contig,RAFF00000000,SAMN09478150,HUM-327-D1 repl1,Pseudomonas aeruginosa,PA2_F12,32
GCA_003629135.1,Contig,RAFM00000000,SAMN09478157,VET-57,Pseudomonas aeruginosa,PA2_D4,0.047
GCA_003629245.1,Contig,RAFG00000000,SAMN09478151,HUM-327-D1 repl2,Pseudomonas aeruginosa,PA3_D1,4
GCA_003629245.1,Contig,RAFG00000000,SAMN09478151,HUM-327-D1 repl2,Pseudomonas aeruginosa,PA3_D11,NA
GCA_003629235.1,Contig,RAFH00000000,SAMN09478152,HUM-333,Pseudomonas aeruginosa,6.00E+07,12
GCA_003629195.1,Contig,RAFI00000000,SAMN09478153,HUM-286,Pseudomonas aeruginosa,PA3_C7,32
GCA_003629185.1,Contig,RAFJ00000000,SAMN09478154,HUM-235,Pseudomonas aeruginosa,PA3_A2,32
GCA_003629055.1,Contig,RAFP00000000,SAMN09478160,VET-74,Pseudomonas aeruginosa,PA2_C9,0.125
GCA_003629165.1,Contig,RAFK00000000,SAMN09478155,HUM-289,Pseudomonas aeruginosa,PA3_F7,32
GCA_003629145.1,Contig,RAFL00000000,SAMN09478156,HUM-325,Pseudomonas aeruginosa,6D1,NA
GCA_003629115.1,Contig,RAFN00000000,SAMN09478158,HUM-230,Pseudomonas aeruginosa,PA3_F11,0.125
GCA_003629085.1,Contig,RAFO00000000,SAMN09478159,VET-26,Pseudomonas aeruginosa,PA3_F11,NA
GCA_003629035.1,Contig,RAFR00000000,SAMN09478162,VET-71,Pseudomonas aeruginosa,PA2_H8,0.125
GCA_003628975.1,Contig,RAFT00000000,SAMN09478164,VET-54,Pseudomonas aeruginosa,PA2_A4,0.125
GCA_003629045.1,Contig,RAFQ00000000,SAMN09478161,VET-23,Pseudomonas aeruginosa,6D8,NA
GCA_003629005.1,Contig,RAFS00000000,SAMN09478163,HUM-303,Pseudomonas aeruginosa,PA3_A9,2
GCA_003628875.1,Contig,RAFY00000000,SAMN09478169,HUM-291,Pseudomonas aeruginosa,5I3,32
GCA_003628985.1,Contig,RAFU00000000,SAMN09478165,VET-36,Pseudomonas aeruginosa,6G5,0.125
GCA_003628945.1,Contig,RAFV00000000,SAMN09478166,VET-34,Pseudomonas aeruginosa,PA3_H11,0.19
GCA_003628935.1,Contig,RAFW00000000,SAMN09478167,VET-33,Pseudomonas aeruginosa,6G2,0.064
GCA_003628905.1,Contig,RAFX00000000,SAMN09478168,HUM-339,Pseudomonas aeruginosa,6F4,0.064
GCA_003628855.1,Contig,RAGA00000000,SAMN09478171,HUM-313-D2,Pseudomonas aeruginosa,PA2_B6,NA
GCA_003628865.1,Contig,RAFZ00000000,SAMN09478170,HUM-313-D1,Pseudomonas aeruginosa,6B7,2
GCA_003628835.1,Contig,RAGC00000000,SAMN09478173,HUM-406,Pseudomonas aeruginosa,PA4_A1,0.064
GCA_003628805.1,Contig,RAGB00000000,SAMN09478172,HUM-302,Pseudomonas aeruginosa,PA3_H8,12
GCA_003628795.1,Contig,RAGD00000000,SAMN09478174,KOL-3,Pseudomonas aeruginosa,PA4_C4,NA
GCA_003632775.2,Contig,QZXB00000000,SAMN09477938,VET-121,Pseudomonas aeruginosa,PA4_E4,0.19
GCA_003632675.2,Contig,QZXI00000000,SAMN09477945,ENV-552,Pseudomonas aeruginosa,PA4_E3,0.125
GCA_003630465.2,Contig,RACX00000000,SAMN09478090,VET-42,Pseudomonas aeruginosa,PA4_E1,0.19
GCA_003630355.2,Contig,RADD00000000,SAMN09478096,ENV-297,Pseudomonas aeruginosa,PA4_E2,0.125
